Workbook

Sheet Bemenet
A1: Tol datum | B1: Ig datum | C1: Napi osszeg | D1: Jogcim | E1: _parsed_tol | F1: _parsed_ig | G1: _parsed_napi | I1: Hasznalat | J1: Sorsz | K1: A - tol | L1: B - ig | M1: C - napi osszeg | N1: D - jogcim | O1: E - napok | P1: F - jarulekalap | Q1: G - jarulek % (felulirhato) | R1: H - jarulek | S1: I - eves osszeg | T1: J - eves jarulek | U1: Ev
E2: =IF($A2="","",IF(ISNUMBER($A2),INT($A2),DATE(VALUE(LEFT(SUBSTITUTE(TRIM($A2),".",""),4)),VALUE(MID(SUBSTITUTE(TRIM($A2),".",""),5,2)),VALUE(MID(SUBSTITUTE(TRIM($A2),".",""),7,2))))) | F2: =IF($B2="","",IF(ISNUMBER($B2),INT($B2),DATE(VALUE(LEFT(SUBSTITUTE(TRIM($B2),".",""),4)),VALUE(MID(SUBSTITUTE(TRIM($B2),".",""),5,2)),VALUE(MID(SUBSTITUTE(TRIM($B2),".",""),7,2))))) | G2: =IF($C2="","",IF(ISNUMBER($C2),$C2,VALUE(SUBSTITUTE(SUBSTITUTE($C2," ",""),",",".")))) | I2: 1) A:D oszlopba ird a sorokat. | J2: 1 | K2: =IFERROR(VLOOKUP($J2,Szamitas!$A$2:$L$7501,2,FALSE),"") | L2: =IFERROR(VLOOKUP($J2,Szamitas!$A$2:$L$7501,3,FALSE),"") | M2: =IFERROR(VLOOKUP($J2,Szamitas!$A$2:$L$7501,4,FALSE),"") | N2: =IFERROR(VLOOKUP($J2,Szamitas!$A$2:$L$7501,5,FALSE),"") | O2: =IFERROR(VLOOKUP($J2,Szamitas!$A$2:$L$7501,6,FALSE),"") | P2: =IFERROR(VLOOKUP($J2,Szamitas!$A$2:$L$7501,7,FALSE),"") | Q2: =IFERROR(VLOOKUP($J2,Szamitas!$A$2:$L$7501,8,FALSE),"") | R2: =IFERROR(VLOOKUP($J2,Szamitas!$A$2:$L$7501,9,FALSE),"") | S2: =IFERROR(VLOOKUP($J2,Szamitas!$A$2:$L$7501,10,FALSE),"") | T2: =IFERROR(VLOOKUP($J2,Szamitas!$A$2:$L$7501,11,FALSE),"") | U2: =IFERROR(VLOOKUP($J2,Szamitas!$A$2:$L$7501,12,FALSE),"")
E3: =IF($A3="","",IF(ISNUMBER($A3),INT($A3),DATE(VALUE(LEFT(SUBSTITUTE(TRIM($A3),".",""),4)),VALUE(MID(SUBSTITUTE(TRIM($A3),".",""),5,2)),VALUE(MID(SUBSTITUTE(TRIM($A3),".",""),7,2))))) | F3: =IF($B3="","",IF(ISNUMBER($B3),INT($B3),DATE(VALUE(LEFT(SUBSTITUTE(TRIM($B3),".",""),4)),VALUE(MID(SUBSTITUTE(TRIM($B3),".",""),5,2)),VALUE(MID(SUBSTITUTE(TRIM($B3),".",""),7,2))))) | G3: =IF($C3="","",IF(ISNUMBER($C3),$C3,VALUE(SUBSTITUTE(SUBSTITUTE($C3," ",""),",",".")))) | I3: 2) Datum lehet valodi datum vagy YYYY.MM.DD(.). | J3: 2 | K3: =IFERROR(VLOOKUP($J3,Szamitas!$A$2:$L$7501,2,FALSE),"") | L3: =IFERROR(VLOOKUP($J3,Szamitas!$A$2:$L$7501,3,FALSE),"") | M3: =IFERROR(VLOOKUP($J3,Szamitas!$A$2:$L$7501,4,FALSE),"") | N3: =IFERROR(VLOOKUP($J3,Szamitas!$A$2:$L$7501,5,FALSE),"") | O3: =IFERROR(VLOOKUP($J3,Szamitas!$A$2:$L$7501,6,FALSE),"") | P3: =IFERROR(VLOOKUP($J3,Szamitas!$A$2:$L$7501,7,FALSE),"") | Q3: =IFERROR(VLOOKUP($J3,Szamitas!$A$2:$L$7501,8,FALSE),"") | R3: =IFERROR(VLOOKUP($J3,Szamitas!$A$2:$L$7501,9,FALSE),"") | S3: =IFERROR(VLOOKUP($J3,Szamitas!$A$2:$L$7501,10,FALSE),"") | T3: =IFERROR(VLOOKUP($J3,Szamitas!$A$2:$L$7501,11,FALSE),"") | U3: =IFERROR(VLOOKUP($J3,Szamitas!$A$2:$L$7501,12,FALSE),"")
E4: =IF($A4="","",IF(ISNUMBER($A4),INT($A4),DATE(VALUE(LEFT(SUBSTITUTE(TRIM($A4),".",""),4)),VALUE(MID(SUBSTITUTE(TRIM($A4),".",""),5,2)),VALUE(MID(SUBSTITUTE(TRIM($A4),".",""),7,2))))) | F4: =IF($B4="","",IF(ISNUMBER($B4),INT($B4),DATE(VALUE(LEFT(SUBSTITUTE(TRIM($B4),".",""),4)),VALUE(MID(SUBSTITUTE(TRIM($B4),".",""),5,2)),VALUE(MID(SUBSTITUTE(TRIM($B4),".",""),7,2))))) | G4: =IF($C4="","",IF(ISNUMBER($C4),$C4,VALUE(SUBSTITUTE(SUBSTITUTE($C4," ",""),",",".")))) | I4: 3) Szamitas a 'Szamitas' lapon automatikus. | J4: 3 | K4: =IFERROR(VLOOKUP($J4,Szamitas!$A$2:$L$7501,2,FALSE),"") | L4: =IFERROR(VLOOKUP($J4,Szamitas!$A$2:$L$7501,3,FALSE),"") | M4: =IFERROR(VLOOKUP($J4,Szamitas!$A$2:$L$7501,4,FALSE),"") | N4: =IFERROR(VLOOKUP($J4,Szamitas!$A$2:$L$7501,5,FALSE),"") | O4: =IFERROR(VLOOKUP($J4,Szamitas!$A$2:$L$7501,6,FALSE),"") | P4: =IFERROR(VLOOKUP($J4,Szamitas!$A$2:$L$7501,7,FALSE),"") | Q4: =IFERROR(VLOOKUP($J4,Szamitas!$A$2:$L$7501,8,FALSE),"") | R4: =IFERROR(VLOOKUP($J4,Szamitas!$A$2:$L$7501,9,FALSE),"") | S4: =IFERROR(VLOOKUP($J4,Szamitas!$A$2:$L$7501,10,FALSE),"") | T4: =IFERROR(VLOOKUP($J4,Szamitas!$A$2:$L$7501,11,FALSE),"") | U4: =IFERROR(VLOOKUP($J4,Szamitas!$A$2:$L$7501,12,FALSE),"")
E5: =IF($A5="","",IF(ISNUMBER($A5),INT($A5),DATE(VALUE(LEFT(SUBSTITUTE(TRIM($A5),".",""),4)),VALUE(MID(SUBSTITUTE(TRIM($A5),".",""),5,2)),VALUE(MID(SUBSTITUTE(TRIM($A5),".",""),7,2))))) | F5: =IF($B5="","",IF(ISNUMBER($B5),INT($B5),DATE(VALUE(LEFT(SUBSTITUTE(TRIM($B5),".",""),4)),VALUE(MID(SUBSTITUTE(TRIM($B5),".",""),5,2)),VALUE(MID(SUBSTITUTE(TRIM($B5),".",""),7,2))))) | G5: =IF($C5="","",IF(ISNUMBER($C5),$C5,VALUE(SUBSTITUTE(SUBSTITUTE($C5," ",""),",",".")))) | I5: 4) Makro nincs, csak kepletek. | J5: 4 | K5: =IFERROR(VLOOKUP($J5,Szamitas!$A$2:$L$7501,2,FALSE),"") | L5: =IFERROR(VLOOKUP($J5,Szamitas!$A$2:$L$7501,3,FALSE),"") | M5: =IFERROR(VLOOKUP($J5,Szamitas!$A$2:$L$7501,4,FALSE),"") | N5: =IFERROR(VLOOKUP($J5,Szamitas!$A$2:$L$7501,5,FALSE),"") | O5: =IFERROR(VLOOKUP($J5,Szamitas!$A$2:$L$7501,6,FALSE),"") | P5: =IFERROR(VLOOKUP($J5,Szamitas!$A$2:$L$7501,7,FALSE),"") | Q5: =IFERROR(VLOOKUP($J5,Szamitas!$A$2:$L$7501,8,FALSE),"") | R5: =IFERROR(VLOOKUP($J5,Szamitas!$A$2:$L$7501,9,FALSE),"") | S5: =IFERROR(VLOOKUP($J5,Szamitas!$A$2:$L$7501,10,FALSE),"") | T5: =IFERROR(VLOOKUP($J5,Szamitas!$A$2:$L$7501,11,FALSE),"") | U5: =IFERROR(VLOOKUP($J5,Szamitas!$A$2:$L$7501,12,FALSE),"")
E6: =IF($A6="","",IF(ISNUMBER($A6),INT($A6),DATE(VALUE(LEFT(SUBSTITUTE(TRIM($A6),".",""),4)),VALUE(MID(SUBSTITUTE(TRIM($A6),".",""),5,2)),VALUE(MID(SUBSTITUTE(TRIM($A6),".",""),7,2))))) | F6: =IF($B6="","",IF(ISNUMBER($B6),INT($B6),DATE(VALUE(LEFT(SUBSTITUTE(TRIM($B6),".",""),4)),VALUE(MID(SUBSTITUTE(TRIM($B6),".",""),5,2)),VALUE(MID(SUBSTITUTE(TRIM($B6),".",""),7,2))))) | G6: =IF($C6="","",IF(ISNUMBER($C6),$C6,VALUE(SUBSTITUTE(SUBSTITUTE($C6," ",""),",",".")))) | I6: 5) Kizárólag a Bemenet lap A2:D100 celláiba írj. | J6: 5 | K6: =IFERROR(VLOOKUP($J6,Szamitas!$A$2:$L$7501,2,FALSE),"") | L6: =IFERROR(VLOOKUP($J6,Szamitas!$A$2:$L$7501,3,FALSE),"") | M6: =IFERROR(VLOOKUP($J6,Szamitas!$A$2:$L$7501,4,FALSE),"") | N6: =IFERROR(VLOOKUP($J6,Szamitas!$A$2:$L$7501,5,FALSE),"") | O6: =IFERROR(VLOOKUP($J6,Szamitas!$A$2:$L$7501,6,FALSE),"") | P6: =IFERROR(VLOOKUP($J6,Szamitas!$A$2:$L$7501,7,FALSE),"") | Q6: =IFERROR(VLOOKUP($J6,Szamitas!$A$2:$L$7501,8,FALSE),"") | R6: =IFERROR(VLOOKUP($J6,Szamitas!$A$2:$L$7501,9,FALSE),"") | S6: =IFERROR(VLOOKUP($J6,Szamitas!$A$2:$L$7501,10,FALSE),"") | T6: =IFERROR(VLOOKUP($J6,Szamitas!$A$2:$L$7501,11,FALSE),"") | U6: =IFERROR(VLOOKUP($J6,Szamitas!$A$2:$L$7501,12,FALSE),"")
E7: =IF($A7="","",IF(ISNUMBER($A7),INT($A7),DATE(VALUE(LEFT(SUBSTITUTE(TRIM($A7),".",""),4)),VALUE(MID(SUBSTITUTE(TRIM($A7),".",""),5,2)),VALUE(MID(SUBSTITUTE(TRIM($A7),".",""),7,2))))) | F7: =IF($B7="","",IF(ISNUMBER($B7),INT($B7),DATE(VALUE(LEFT(SUBSTITUTE(TRIM($B7),".",""),4)),VALUE(MID(SUBSTITUTE(TRIM($B7),".",""),5,2)),VALUE(MID(SUBSTITUTE(TRIM($B7),".",""),7,2))))) | G7: =IF($C7="","",IF(ISNUMBER($C7),$C7,VALUE(SUBSTITUTE(SUBSTITUTE($C7," ",""),",",".")))) | J7: 6 | K7: =IFERROR(VLOOKUP($J7,Szamitas!$A$2:$L$7501,2,FALSE),"") | L7: =IFERROR(VLOOKUP($J7,Szamitas!$A$2:$L$7501,3,FALSE),"") | M7: =IFERROR(VLOOKUP($J7,Szamitas!$A$2:$L$7501,4,FALSE),"") | N7: =IFERROR(VLOOKUP($J7,Szamitas!$A$2:$L$7501,5,FALSE),"") | O7: =IFERROR(VLOOKUP($J7,Szamitas!$A$2:$L$7501,6,FALSE),"") | P7: =IFERROR(VLOOKUP($J7,Szamitas!$A$2:$L$7501,7,FALSE),"") | Q7: =IFERROR(VLOOKUP($J7,Szamitas!$A$2:$L$7501,8,FALSE),"") | R7: =IFERROR(VLOOKUP($J7,Szamitas!$A$2:$L$7501,9,FALSE),"") | S7: =IFERROR(VLOOKUP($J7,Szamitas!$A$2:$L$7501,10,FALSE),"") | T7: =IFERROR(VLOOKUP($J7,Szamitas!$A$2:$L$7501,11,FALSE),"") | U7: =IFERROR(VLOOKUP($J7,Szamitas!$A$2:$L$7501,12,FALSE),"")
E8: =IF($A8="","",IF(ISNUMBER($A8),INT($A8),DATE(VALUE(LEFT(SUBSTITUTE(TRIM($A8),".",""),4)),VALUE(MID(SUBSTITUTE(TRIM($A8),".",""),5,2)),VALUE(MID(SUBSTITUTE(TRIM($A8),".",""),7,2))))) | F8: =IF($B8="","",IF(ISNUMBER($B8),INT($B8),DATE(VALUE(LEFT(SUBSTITUTE(TRIM($B8),".",""),4)),VALUE(MID(SUBSTITUTE(TRIM($B8),".",""),5,2)),VALUE(MID(SUBSTITUTE(TRIM($B8),".",""),7,2))))) | G8: =IF($C8="","",IF(ISNUMBER($C8),$C8,VALUE(SUBSTITUTE(SUBSTITUTE($C8," ",""),",",".")))) | I8: 6) A kimutatás összesítőjét itt látod a jobb oldalon K:T | J8: 7 | K8: =IFERROR(VLOOKUP($J8,Szamitas!$A$2:$L$7501,2,FALSE),"") | L8: =IFERROR(VLOOKUP($J8,Szamitas!$A$2:$L$7501,3,FALSE),"") | M8: =IFERROR(VLOOKUP($J8,Szamitas!$A$2:$L$7501,4,FALSE),"") | N8: =IFERROR(VLOOKUP($J8,Szamitas!$A$2:$L$7501,5,FALSE),"") | O8: =IFERROR(VLOOKUP($J8,Szamitas!$A$2:$L$7501,6,FALSE),"") | P8: =IFERROR(VLOOKUP($J8,Szamitas!$A$2:$L$7501,7,FALSE),"") | Q8: =IFERROR(VLOOKUP($J8,Szamitas!$A$2:$L$7501,8,FALSE),"") | R8: =IFERROR(VLOOKUP($J8,Szamitas!$A$2:$L$7501,9,FALSE),"") | S8: =IFERROR(VLOOKUP($J8,Szamitas!$A$2:$L$7501,10,FALSE),"") | T8: =IFERROR(VLOOKUP($J8,Szamitas!$A$2:$L$7501,11,FALSE),"") | U8: =IFERROR(VLOOKUP($J8,Szamitas!$A$2:$L$7501,12,FALSE),"")
E9: =IF($A9="","",IF(ISNUMBER($A9),INT($A9),DATE(VALUE(LEFT(SUBSTITUTE(TRIM($A9),".",""),4)),VALUE(MID(SUBSTITUTE(TRIM($A9),".",""),5,2)),VALUE(MID(SUBSTITUTE(TRIM($A9),".",""),7,2))))) | F9: =IF($B9="","",IF(ISNUMBER($B9),INT($B9),DATE(VALUE(LEFT(SUBSTITUTE(TRIM($B9),".",""),4)),VALUE(MID(SUBSTITUTE(TRIM($B9),".",""),5,2)),VALUE(MID(SUBSTITUTE(TRIM($B9),".",""),7,2))))) | G9: =IF($C9="","",IF(ISNUMBER($C9),$C9,VALUE(SUBSTITUTE(SUBSTITUTE($C9," ",""),",",".")))) | J9: 8 | K9: =IFERROR(VLOOKUP($J9,Szamitas!$A$2:$L$7501,2,FALSE),"") | L9: =IFERROR(VLOOKUP($J9,Szamitas!$A$2:$L$7501,3,FALSE),"") | M9: =IFERROR(VLOOKUP($J9,Szamitas!$A$2:$L$7501,4,FALSE),"") | N9: =IFERROR(VLOOKUP($J9,Szamitas!$A$2:$L$7501,5,FALSE),"") | O9: =IFERROR(VLOOKUP($J9,Szamitas!$A$2:$L$7501,6,FALSE),"") | P9: =IFERROR(VLOOKUP($J9,Szamitas!$A$2:$L$7501,7,FALSE),"") | Q9: =IFERROR(VLOOKUP($J9,Szamitas!$A$2:$L$7501,8,FALSE),"") | R9: =IFERROR(VLOOKUP($J9,Szamitas!$A$2:$L$7501,9,FALSE),"") | S9: =IFERROR(VLOOKUP($J9,Szamitas!$A$2:$L$7501,10,FALSE),"") | T9: =IFERROR(VLOOKUP($J9,Szamitas!$A$2:$L$7501,11,FALSE),"") | U9: =IFERROR(VLOOKUP($J9,Szamitas!$A$2:$L$7501,12,FALSE),"")
E10: =IF($A10="","",IF(ISNUMBER($A10),INT($A10),DATE(VALUE(LEFT(SUBSTITUTE(TRIM($A10),".",""),4)),VALUE(MID(SUBSTITUTE(TRIM($A10),".",""),5,2)),VALUE(MID(SUBSTITUTE(TRIM($A10),".",""),7,2))))) | F10: =IF($B10="","",IF(ISNUMBER($B10),INT($B10),DATE(VALUE(LEFT(SUBSTITUTE(TRIM($B10),".",""),4)),VALUE(MID(SUBSTITUTE(TRIM($B10),".",""),5,2)),VALUE(MID(SUBSTITUTE(TRIM($B10),".",""),7,2))))) | G10: =IF($C10="","",IF(ISNUMBER($C10),$C10,VALUE(SUBSTITUTE(SUBSTITUTE($C10," ",""),",",".")))) | J10: 9 | K10: =IFERROR(VLOOKUP($J10,Szamitas!$A$2:$L$7501,2,FALSE),"") | L10: =IFERROR(VLOOKUP($J10,Szamitas!$A$2:$L$7501,3,FALSE),"") | M10: =IFERROR(VLOOKUP($J10,Szamitas!$A$2:$L$7501,4,FALSE),"") | N10: =IFERROR(VLOOKUP($J10,Szamitas!$A$2:$L$7501,5,FALSE),"") | O10: =IFERROR(VLOOKUP($J10,Szamitas!$A$2:$L$7501,6,FALSE),"") | P10: =IFERROR(VLOOKUP($J10,Szamitas!$A$2:$L$7501,7,FALSE),"") | Q10: =IFERROR(VLOOKUP($J10,Szamitas!$A$2:$L$7501,8,FALSE),"") | R10: =IFERROR(VLOOKUP($J10,Szamitas!$A$2:$L$7501,9,FALSE),"") | S10: =IFERROR(VLOOKUP($J10,Szamitas!$A$2:$L$7501,10,FALSE),"") | T10: =IFERROR(VLOOKUP($J10,Szamitas!$A$2:$L$7501,11,FALSE),"") | U10: =IFERROR(VLOOKUP($J10,Szamitas!$A$2:$L$7501,12,FALSE),"")
E11: =IF($A11="","",IF(ISNUMBER($A11),INT($A11),DATE(VALUE(LEFT(SUBSTITUTE(TRIM($A11),".",""),4)),VALUE(MID(SUBSTITUTE(TRIM($A11),".",""),5,2)),VALUE(MID(SUBSTITUTE(TRIM($A11),".",""),7,2))))) | F11: =IF($B11="","",IF(ISNUMBER($B11),INT($B11),DATE(VALUE(LEFT(SUBSTITUTE(TRIM($B11),".",""),4)),VALUE(MID(SUBSTITUTE(TRIM($B11),".",""),5,2)),VALUE(MID(SUBSTITUTE(TRIM($B11),".",""),7,2))))) | G11: =IF($C11="","",IF(ISNUMBER($C11),$C11,VALUE(SUBSTITUTE(SUBSTITUTE($C11," ",""),",",".")))) | J11: 10 | K11: =IFERROR(VLOOKUP($J11,Szamitas!$A$2:$L$7501,2,FALSE),"") | L11: =IFERROR(VLOOKUP($J11,Szamitas!$A$2:$L$7501,3,FALSE),"") | M11: =IFERROR(VLOOKUP($J11,Szamitas!$A$2:$L$7501,4,FALSE),"") | N11: =IFERROR(VLOOKUP($J11,Szamitas!$A$2:$L$7501,5,FALSE),"") | O11: =IFERROR(VLOOKUP($J11,Szamitas!$A$2:$L$7501,6,FALSE),"") | P11: =IFERROR(VLOOKUP($J11,Szamitas!$A$2:$L$7501,7,FALSE),"") | Q11: =IFERROR(VLOOKUP($J11,Szamitas!$A$2:$L$7501,8,FALSE),"") | R11: =IFERROR(VLOOKUP($J11,Szamitas!$A$2:$L$7501,9,FALSE),"") | S11: =IFERROR(VLOOKUP($J11,Szamitas!$A$2:$L$7501,10,FALSE),"") | T11: =IFERROR(VLOOKUP($J11,Szamitas!$A$2:$L$7501,11,FALSE),"") | U11: =IFERROR(VLOOKUP($J11,Szamitas!$A$2:$L$7501,12,FALSE),"")
E12: =IF($A12="","",IF(ISNUMBER($A12),INT($A12),DATE(VALUE(LEFT(SUBSTITUTE(TRIM($A12),".",""),4)),VALUE(MID(SUBSTITUTE(TRIM($A12),".",""),5,2)),VALUE(MID(SUBSTITUTE(TRIM($A12),".",""),7,2))))) | F12: =IF($B12="","",IF(ISNUMBER($B12),INT($B12),DATE(VALUE(LEFT(SUBSTITUTE(TRIM($B12),".",""),4)),VALUE(MID(SUBSTITUTE(TRIM($B12),".",""),5,2)),VALUE(MID(SUBSTITUTE(TRIM($B12),".",""),7,2))))) | G12: =IF($C12="","",IF(ISNUMBER($C12),$C12,VALUE(SUBSTITUTE(SUBSTITUTE($C12," ",""),",",".")))) | J12: 11 | K12: =IFERROR(VLOOKUP($J12,Szamitas!$A$2:$L$7501,2,FALSE),"") | L12: =IFERROR(VLOOKUP($J12,Szamitas!$A$2:$L$7501,3,FALSE),"") | M12: =IFERROR(VLOOKUP($J12,Szamitas!$A$2:$L$7501,4,FALSE),"") | N12: =IFERROR(VLOOKUP($J12,Szamitas!$A$2:$L$7501,5,FALSE),"") | O12: =IFERROR(VLOOKUP($J12,Szamitas!$A$2:$L$7501,6,FALSE),"") | P12: =IFERROR(VLOOKUP($J12,Szamitas!$A$2:$L$7501,7,FALSE),"") | Q12: =IFERROR(VLOOKUP($J12,Szamitas!$A$2:$L$7501,8,FALSE),"") | R12: =IFERROR(VLOOKUP($J12,Szamitas!$A$2:$L$7501,9,FALSE),"") | S12: =IFERROR(VLOOKUP($J12,Szamitas!$A$2:$L$7501,10,FALSE),"") | T12: =IFERROR(VLOOKUP($J12,Szamitas!$A$2:$L$7501,11,FALSE),"") | U12: =IFERROR(VLOOKUP($J12,Szamitas!$A$2:$L$7501,12,FALSE),"")
E13: =IF($A13="","",IF(ISNUMBER($A13),INT($A13),DATE(VALUE(LEFT(SUBSTITUTE(TRIM($A13),".",""),4)),VALUE(MID(SUBSTITUTE(TRIM($A13),".",""),5,2)),VALUE(MID(SUBSTITUTE(TRIM($A13),".",""),7,2))))) | F13: =IF($B13="","",IF(ISNUMBER($B13),INT($B13),DATE(VALUE(LEFT(SUBSTITUTE(TRIM($B13),".",""),4)),VALUE(MID(SUBSTITUTE(TRIM($B13),".",""),5,2)),VALUE(MID(SUBSTITUTE(TRIM($B13),".",""),7,2))))) | G13: =IF($C13="","",IF(ISNUMBER($C13),$C13,VALUE(SUBSTITUTE(SUBSTITUTE($C13," ",""),",",".")))) | J13: 12 | K13: =IFERROR(VLOOKUP($J13,Szamitas!$A$2:$L$7501,2,FALSE),"") | L13: =IFERROR(VLOOKUP($J13,Szamitas!$A$2:$L$7501,3,FALSE),"") | M13: =IFERROR(VLOOKUP($J13,Szamitas!$A$2:$L$7501,4,FALSE),"") | N13: =IFERROR(VLOOKUP($J13,Szamitas!$A$2:$L$7501,5,FALSE),"") | O13: =IFERROR(VLOOKUP($J13,Szamitas!$A$2:$L$7501,6,FALSE),"") | P13: =IFERROR(VLOOKUP($J13,Szamitas!$A$2:$L$7501,7,FALSE),"") | Q13: =IFERROR(VLOOKUP($J13,Szamitas!$A$2:$L$7501,8,FALSE),"") | R13: =IFERROR(VLOOKUP($J13,Szamitas!$A$2:$L$7501,9,FALSE),"") | S13: =IFERROR(VLOOKUP($J13,Szamitas!$A$2:$L$7501,10,FALSE),"") | T13: =IFERROR(VLOOKUP($J13,Szamitas!$A$2:$L$7501,11,FALSE),"") | U13: =IFERROR(VLOOKUP($J13,Szamitas!$A$2:$L$7501,12,FALSE),"")
E14: =IF($A14="","",IF(ISNUMBER($A14),INT($A14),DATE(VALUE(LEFT(SUBSTITUTE(TRIM($A14),".",""),4)),VALUE(MID(SUBSTITUTE(TRIM($A14),".",""),5,2)),VALUE(MID(SUBSTITUTE(TRIM($A14),".",""),7,2))))) | F14: =IF($B14="","",IF(ISNUMBER($B14),INT($B14),DATE(VALUE(LEFT(SUBSTITUTE(TRIM($B14),".",""),4)),VALUE(MID(SUBSTITUTE(TRIM($B14),".",""),5,2)),VALUE(MID(SUBSTITUTE(TRIM($B14),".",""),7,2))))) | G14: =IF($C14="","",IF(ISNUMBER($C14),$C14,VALUE(SUBSTITUTE(SUBSTITUTE($C14," ",""),",",".")))) | J14: 13 | K14: =IFERROR(VLOOKUP($J14,Szamitas!$A$2:$L$7501,2,FALSE),"") | L14: =IFERROR(VLOOKUP($J14,Szamitas!$A$2:$L$7501,3,FALSE),"") | M14: =IFERROR(VLOOKUP($J14,Szamitas!$A$2:$L$7501,4,FALSE),"") | N14: =IFERROR(VLOOKUP($J14,Szamitas!$A$2:$L$7501,5,FALSE),"") | O14: =IFERROR(VLOOKUP($J14,Szamitas!$A$2:$L$7501,6,FALSE),"") | P14: =IFERROR(VLOOKUP($J14,Szamitas!$A$2:$L$7501,7,FALSE),"") | Q14: =IFERROR(VLOOKUP($J14,Szamitas!$A$2:$L$7501,8,FALSE),"") | R14: =IFERROR(VLOOKUP($J14,Szamitas!$A$2:$L$7501,9,FALSE),"") | S14: =IFERROR(VLOOKUP($J14,Szamitas!$A$2:$L$7501,10,FALSE),"") | T14: =IFERROR(VLOOKUP($J14,Szamitas!$A$2:$L$7501,11,FALSE),"") | U14: =IFERROR(VLOOKUP($J14,Szamitas!$A$2:$L$7501,12,FALSE),"")
E15: =IF($A15="","",IF(ISNUMBER($A15),INT($A15),DATE(VALUE(LEFT(SUBSTITUTE(TRIM($A15),".",""),4)),VALUE(MID(SUBSTITUTE(TRIM($A15),".",""),5,2)),VALUE(MID(SUBSTITUTE(TRIM($A15),".",""),7,2))))) | F15: =IF($B15="","",IF(ISNUMBER($B15),INT($B15),DATE(VALUE(LEFT(SUBSTITUTE(TRIM($B15),".",""),4)),VALUE(MID(SUBSTITUTE(TRIM($B15),".",""),5,2)),VALUE(MID(SUBSTITUTE(TRIM($B15),".",""),7,2))))) | G15: =IF($C15="","",IF(ISNUMBER($C15),$C15,VALUE(SUBSTITUTE(SUBSTITUTE($C15," ",""),",",".")))) | J15: 14 | K15: =IFERROR(VLOOKUP($J15,Szamitas!$A$2:$L$7501,2,FALSE),"") | L15: =IFERROR(VLOOKUP($J15,Szamitas!$A$2:$L$7501,3,FALSE),"") | M15: =IFERROR(VLOOKUP($J15,Szamitas!$A$2:$L$7501,4,FALSE),"") | N15: =IFERROR(VLOOKUP($J15,Szamitas!$A$2:$L$7501,5,FALSE),"") | O15: =IFERROR(VLOOKUP($J15,Szamitas!$A$2:$L$7501,6,FALSE),"") | P15: =IFERROR(VLOOKUP($J15,Szamitas!$A$2:$L$7501,7,FALSE),"") | Q15: =IFERROR(VLOOKUP($J15,Szamitas!$A$2:$L$7501,8,FALSE),"") | R15: =IFERROR(VLOOKUP($J15,Szamitas!$A$2:$L$7501,9,FALSE),"") | S15: =IFERROR(VLOOKUP($J15,Szamitas!$A$2:$L$7501,10,FALSE),"") | T15: =IFERROR(VLOOKUP($J15,Szamitas!$A$2:$L$7501,11,FALSE),"") | U15: =IFERROR(VLOOKUP($J15,Szamitas!$A$2:$L$7501,12,FALSE),"")
E16: =IF($A16="","",IF(ISNUMBER($A16),INT($A16),DATE(VALUE(LEFT(SUBSTITUTE(TRIM($A16),".",""),4)),VALUE(MID(SUBSTITUTE(TRIM($A16),".",""),5,2)),VALUE(MID(SUBSTITUTE(TRIM($A16),".",""),7,2))))) | F16: =IF($B16="","",IF(ISNUMBER($B16),INT($B16),DATE(VALUE(LEFT(SUBSTITUTE(TRIM($B16),".",""),4)),VALUE(MID(SUBSTITUTE(TRIM($B16),".",""),5,2)),VALUE(MID(SUBSTITUTE(TRIM($B16),".",""),7,2))))) | G16: =IF($C16="","",IF(ISNUMBER($C16),$C16,VALUE(SUBSTITUTE(SUBSTITUTE($C16," ",""),",",".")))) | J16: 15 | K16: =IFERROR(VLOOKUP($J16,Szamitas!$A$2:$L$7501,2,FALSE),"") | L16: =IFERROR(VLOOKUP($J16,Szamitas!$A$2:$L$7501,3,FALSE),"") | M16: =IFERROR(VLOOKUP($J16,Szamitas!$A$2:$L$7501,4,FALSE),"") | N16: =IFERROR(VLOOKUP($J16,Szamitas!$A$2:$L$7501,5,FALSE),"") | O16: =IFERROR(VLOOKUP($J16,Szamitas!$A$2:$L$7501,6,FALSE),"") | P16: =IFERROR(VLOOKUP($J16,Szamitas!$A$2:$L$7501,7,FALSE),"") | Q16: =IFERROR(VLOOKUP($J16,Szamitas!$A$2:$L$7501,8,FALSE),"") | R16: =IFERROR(VLOOKUP($J16,Szamitas!$A$2:$L$7501,9,FALSE),"") | S16: =IFERROR(VLOOKUP($J16,Szamitas!$A$2:$L$7501,10,FALSE),"") | T16: =IFERROR(VLOOKUP($J16,Szamitas!$A$2:$L$7501,11,FALSE),"") | U16: =IFERROR(VLOOKUP($J16,Szamitas!$A$2:$L$7501,12,FALSE),"")
E17: =IF($A17="","",IF(ISNUMBER($A17),INT($A17),DATE(VALUE(LEFT(SUBSTITUTE(TRIM($A17),".",""),4)),VALUE(MID(SUBSTITUTE(TRIM($A17),".",""),5,2)),VALUE(MID(SUBSTITUTE(TRIM($A17),".",""),7,2))))) | F17: =IF($B17="","",IF(ISNUMBER($B17),INT($B17),DATE(VALUE(LEFT(SUBSTITUTE(TRIM($B17),".",""),4)),VALUE(MID(SUBSTITUTE(TRIM($B17),".",""),5,2)),VALUE(MID(SUBSTITUTE(TRIM($B17),".",""),7,2))))) | G17: =IF($C17="","",IF(ISNUMBER($C17),$C17,VALUE(SUBSTITUTE(SUBSTITUTE($C17," ",""),",",".")))) | J17: 16 | K17: =IFERROR(VLOOKUP($J17,Szamitas!$A$2:$L$7501,2,FALSE),"") | L17: =IFERROR(VLOOKUP($J17,Szamitas!$A$2:$L$7501,3,FALSE),"") | M17: =IFERROR(VLOOKUP($J17,Szamitas!$A$2:$L$7501,4,FALSE),"") | N17: =IFERROR(VLOOKUP($J17,Szamitas!$A$2:$L$7501,5,FALSE),"") | O17: =IFERROR(VLOOKUP($J17,Szamitas!$A$2:$L$7501,6,FALSE),"") | P17: =IFERROR(VLOOKUP($J17,Szamitas!$A$2:$L$7501,7,FALSE),"") | Q17: =IFERROR(VLOOKUP($J17,Szamitas!$A$2:$L$7501,8,FALSE),"") | R17: =IFERROR(VLOOKUP($J17,Szamitas!$A$2:$L$7501,9,FALSE),"") | S17: =IFERROR(VLOOKUP($J17,Szamitas!$A$2:$L$7501,10,FALSE),"") | T17: =IFERROR(VLOOKUP($J17,Szamitas!$A$2:$L$7501,11,FALSE),"") | U17: =IFERROR(VLOOKUP($J17,Szamitas!$A$2:$L$7501,12,FALSE),"")
E18: =IF($A18="","",IF(ISNUMBER($A18),INT($A18),DATE(VALUE(LEFT(SUBSTITUTE(TRIM($A18),".",""),4)),VALUE(MID(SUBSTITUTE(TRIM($A18),".",""),5,2)),VALUE(MID(SUBSTITUTE(TRIM($A18),".",""),7,2))))) | F18: =IF($B18="","",IF(ISNUMBER($B18),INT($B18),DATE(VALUE(LEFT(SUBSTITUTE(TRIM($B18),".",""),4)),VALUE(MID(SUBSTITUTE(TRIM($B18),".",""),5,2)),VALUE(MID(SUBSTITUTE(TRIM($B18),".",""),7,2))))) | G18: =IF($C18="","",IF(ISNUMBER($C18),$C18,VALUE(SUBSTITUTE(SUBSTITUTE($C18," ",""),",",".")))) | J18: 17 | K18: =IFERROR(VLOOKUP($J18,Szamitas!$A$2:$L$7501,2,FALSE),"") | L18: =IFERROR(VLOOKUP($J18,Szamitas!$A$2:$L$7501,3,FALSE),"") | M18: =IFERROR(VLOOKUP($J18,Szamitas!$A$2:$L$7501,4,FALSE),"") | N18: =IFERROR(VLOOKUP($J18,Szamitas!$A$2:$L$7501,5,FALSE),"") | O18: =IFERROR(VLOOKUP($J18,Szamitas!$A$2:$L$7501,6,FALSE),"") | P18: =IFERROR(VLOOKUP($J18,Szamitas!$A$2:$L$7501,7,FALSE),"") | Q18: =IFERROR(VLOOKUP($J18,Szamitas!$A$2:$L$7501,8,FALSE),"") | R18: =IFERROR(VLOOKUP($J18,Szamitas!$A$2:$L$7501,9,FALSE),"") | S18: =IFERROR(VLOOKUP($J18,Szamitas!$A$2:$L$7501,10,FALSE),"") | T18: =IFERROR(VLOOKUP($J18,Szamitas!$A$2:$L$7501,11,FALSE),"") | U18: =IFERROR(VLOOKUP($J18,Szamitas!$A$2:$L$7501,12,FALSE),"")
E19: =IF($A19="","",IF(ISNUMBER($A19),INT($A19),DATE(VALUE(LEFT(SUBSTITUTE(TRIM($A19),".",""),4)),VALUE(MID(SUBSTITUTE(TRIM($A19),".",""),5,2)),VALUE(MID(SUBSTITUTE(TRIM($A19),".",""),7,2))))) | F19: =IF($B19="","",IF(ISNUMBER($B19),INT($B19),DATE(VALUE(LEFT(SUBSTITUTE(TRIM($B19),".",""),4)),VALUE(MID(SUBSTITUTE(TRIM($B19),".",""),5,2)),VALUE(MID(SUBSTITUTE(TRIM($B19),".",""),7,2))))) | G19: =IF($C19="","",IF(ISNUMBER($C19),$C19,VALUE(SUBSTITUTE(SUBSTITUTE($C19," ",""),",",".")))) | J19: 18 | K19: =IFERROR(VLOOKUP($J19,Szamitas!$A$2:$L$7501,2,FALSE),"") | L19: =IFERROR(VLOOKUP($J19,Szamitas!$A$2:$L$7501,3,FALSE),"") | M19: =IFERROR(VLOOKUP($J19,Szamitas!$A$2:$L$7501,4,FALSE),"") | N19: =IFERROR(VLOOKUP($J19,Szamitas!$A$2:$L$7501,5,FALSE),"") | O19: =IFERROR(VLOOKUP($J19,Szamitas!$A$2:$L$7501,6,FALSE),"") | P19: =IFERROR(VLOOKUP($J19,Szamitas!$A$2:$L$7501,7,FALSE),"") | Q19: =IFERROR(VLOOKUP($J19,Szamitas!$A$2:$L$7501,8,FALSE),"") | R19: =IFERROR(VLOOKUP($J19,Szamitas!$A$2:$L$7501,9,FALSE),"") | S19: =IFERROR(VLOOKUP($J19,Szamitas!$A$2:$L$7501,10,FALSE),"") | T19: =IFERROR(VLOOKUP($J19,Szamitas!$A$2:$L$7501,11,FALSE),"") | U19: =IFERROR(VLOOKUP($J19,Szamitas!$A$2:$L$7501,12,FALSE),"")
E20: =IF($A20="","",IF(ISNUMBER($A20),INT($A20),DATE(VALUE(LEFT(SUBSTITUTE(TRIM($A20),".",""),4)),VALUE(MID(SUBSTITUTE(TRIM($A20),".",""),5,2)),VALUE(MID(SUBSTITUTE(TRIM($A20),".",""),7,2))))) | F20: =IF($B20="","",IF(ISNUMBER($B20),INT($B20),DATE(VALUE(LEFT(SUBSTITUTE(TRIM($B20),".",""),4)),VALUE(MID(SUBSTITUTE(TRIM($B20),".",""),5,2)),VALUE(MID(SUBSTITUTE(TRIM($B20),".",""),7,2))))) | G20: =IF($C20="","",IF(ISNUMBER($C20),$C20,VALUE(SUBSTITUTE(SUBSTITUTE($C20," ",""),",",".")))) | J20: 19 | K20: =IFERROR(VLOOKUP($J20,Szamitas!$A$2:$L$7501,2,FALSE),"") | L20: =IFERROR(VLOOKUP($J20,Szamitas!$A$2:$L$7501,3,FALSE),"") | M20: =IFERROR(VLOOKUP($J20,Szamitas!$A$2:$L$7501,4,FALSE),"") | N20: =IFERROR(VLOOKUP($J20,Szamitas!$A$2:$L$7501,5,FALSE),"") | O20: =IFERROR(VLOOKUP($J20,Szamitas!$A$2:$L$7501,6,FALSE),"") | P20: =IFERROR(VLOOKUP($J20,Szamitas!$A$2:$L$7501,7,FALSE),"") | Q20: =IFERROR(VLOOKUP($J20,Szamitas!$A$2:$L$7501,8,FALSE),"") | R20: =IFERROR(VLOOKUP($J20,Szamitas!$A$2:$L$7501,9,FALSE),"") | S20: =IFERROR(VLOOKUP($J20,Szamitas!$A$2:$L$7501,10,FALSE),"") | T20: =IFERROR(VLOOKUP($J20,Szamitas!$A$2:$L$7501,11,FALSE),"") | U20: =IFERROR(VLOOKUP($J20,Szamitas!$A$2:$L$7501,12,FALSE),"")
... E101: =IF($A101="","",IF(ISNUMBER($A101),INT($A101),DATE(VALUE(LEFT(SUBSTITUTE(TRIM($A101),".",""),4)),VALUE(MID(SUBSTITUTE(TRIM($A101),".",""),5,2)),VALUE(MID(SUBSTITUTE(TRIM($A101),".",""),7,2))))) | F101: =IF($B101="","",IF(ISNUMBER($B101),INT($B101),DATE(VALUE(LEFT(SUBSTITUTE(TRIM($B101),".",""),4)),VALUE(MID(SUBSTITUTE(TRIM($B101),".",""),5,2)),VALUE(MID(SUBSTITUTE(TRIM($B101),".",""),7,2))))) | G101: =IF($C101="","",IF(ISNUMBER($C101),$C101,VALUE(SUBSTITUTE(SUBSTITUTE($C101," ",""),",",".")))) | J101: 100 | K101: =IFERROR(VLOOKUP($J101,Szamitas!$A$2:$L$7501,2,FALSE),"") | L101: =IFERROR(VLOOKUP($J101,Szamitas!$A$2:$L$7501,3,FALSE),"") | M101: =IFERROR(VLOOKUP($J101,Szamitas!$A$2:$L$7501,4,FALSE),"") | N101: =IFERROR(VLOOKUP($J101,Szamitas!$A$2:$L$7501,5,FALSE),"") | O101: =IFERROR(VLOOKUP($J101,Szamitas!$A$2:$L$7501,6,FALSE),"") | P101: =IFERROR(VLOOKUP($J101,Szamitas!$A$2:$L$7501,7,FALSE),"") | Q101: =IFERROR(VLOOKUP($J101,Szamitas!$A$2:$L$7501,8,FALSE),"") | R101: =IFERROR(VLOOKUP($J101,Szamitas!$A$2:$L$7501,9,FALSE),"") | S101: =IFERROR(VLOOKUP($J101,Szamitas!$A$2:$L$7501,10,FALSE),"") | T101: =IFERROR(VLOOKUP($J101,Szamitas!$A$2:$L$7501,11,FALSE),"") | U101: =IFERROR(VLOOKUP($J101,Szamitas!$A$2:$L$7501,12,FALSE),"")
E102: =IF($A102="","",IF(ISNUMBER($A102),INT($A102),DATE(VALUE(LEFT(SUBSTITUTE(TRIM($A102),".",""),4)),VALUE(MID(SUBSTITUTE(TRIM($A102),".",""),5,2)),VALUE(MID(SUBSTITUTE(TRIM($A102),".",""),7,2))))) | F102: =IF($B102="","",IF(ISNUMBER($B102),INT($B102),DATE(VALUE(LEFT(SUBSTITUTE(TRIM($B102),".",""),4)),VALUE(MID(SUBSTITUTE(TRIM($B102),".",""),5,2)),VALUE(MID(SUBSTITUTE(TRIM($B102),".",""),7,2))))) | G102: =IF($C102="","",IF(ISNUMBER($C102),$C102,VALUE(SUBSTITUTE(SUBSTITUTE($C102," ",""),",","."))))
E103: =IF($A103="","",IF(ISNUMBER($A103),INT($A103),DATE(VALUE(LEFT(SUBSTITUTE(TRIM($A103),".",""),4)),VALUE(MID(SUBSTITUTE(TRIM($A103),".",""),5,2)),VALUE(MID(SUBSTITUTE(TRIM($A103),".",""),7,2))))) | F103: =IF($B103="","",IF(ISNUMBER($B103),INT($B103),DATE(VALUE(LEFT(SUBSTITUTE(TRIM($B103),".",""),4)),VALUE(MID(SUBSTITUTE(TRIM($B103),".",""),5,2)),VALUE(MID(SUBSTITUTE(TRIM($B103),".",""),7,2))))) | G103: =IF($C103="","",IF(ISNUMBER($C103),$C103,VALUE(SUBSTITUTE(SUBSTITUTE($C103," ",""),",","."))))
E104: =IF($A104="","",IF(ISNUMBER($A104),INT($A104),DATE(VALUE(LEFT(SUBSTITUTE(TRIM($A104),".",""),4)),VALUE(MID(SUBSTITUTE(TRIM($A104),".",""),5,2)),VALUE(MID(SUBSTITUTE(TRIM($A104),".",""),7,2))))) | F104: =IF($B104="","",IF(ISNUMBER($B104),INT($B104),DATE(VALUE(LEFT(SUBSTITUTE(TRIM($B104),".",""),4)),VALUE(MID(SUBSTITUTE(TRIM($B104),".",""),5,2)),VALUE(MID(SUBSTITUTE(TRIM($B104),".",""),7,2))))) | G104: =IF($C104="","",IF(ISNUMBER($C104),$C104,VALUE(SUBSTITUTE(SUBSTITUTE($C104," ",""),",","."))))
E105: =IF($A105="","",IF(ISNUMBER($A105),INT($A105),DATE(VALUE(LEFT(SUBSTITUTE(TRIM($A105),".",""),4)),VALUE(MID(SUBSTITUTE(TRIM($A105),".",""),5,2)),VALUE(MID(SUBSTITUTE(TRIM($A105),".",""),7,2))))) | F105: =IF($B105="","",IF(ISNUMBER($B105),INT($B105),DATE(VALUE(LEFT(SUBSTITUTE(TRIM($B105),".",""),4)),VALUE(MID(SUBSTITUTE(TRIM($B105),".",""),5,2)),VALUE(MID(SUBSTITUTE(TRIM($B105),".",""),7,2))))) | G105: =IF($C105="","",IF(ISNUMBER($C105),$C105,VALUE(SUBSTITUTE(SUBSTITUTE($C105," ",""),",","."))))
E106: =IF($A106="","",IF(ISNUMBER($A106),INT($A106),DATE(VALUE(LEFT(SUBSTITUTE(TRIM($A106),".",""),4)),VALUE(MID(SUBSTITUTE(TRIM($A106),".",""),5,2)),VALUE(MID(SUBSTITUTE(TRIM($A106),".",""),7,2))))) | F106: =IF($B106="","",IF(ISNUMBER($B106),INT($B106),DATE(VALUE(LEFT(SUBSTITUTE(TRIM($B106),".",""),4)),VALUE(MID(SUBSTITUTE(TRIM($B106),".",""),5,2)),VALUE(MID(SUBSTITUTE(TRIM($B106),".",""),7,2))))) | G106: =IF($C106="","",IF(ISNUMBER($C106),$C106,VALUE(SUBSTITUTE(SUBSTITUTE($C106," ",""),",","."))))
E107: =IF($A107="","",IF(ISNUMBER($A107),INT($A107),DATE(VALUE(LEFT(SUBSTITUTE(TRIM($A107),".",""),4)),VALUE(MID(SUBSTITUTE(TRIM($A107),".",""),5,2)),VALUE(MID(SUBSTITUTE(TRIM($A107),".",""),7,2))))) | F107: =IF($B107="","",IF(ISNUMBER($B107),INT($B107),DATE(VALUE(LEFT(SUBSTITUTE(TRIM($B107),".",""),4)),VALUE(MID(SUBSTITUTE(TRIM($B107),".",""),5,2)),VALUE(MID(SUBSTITUTE(TRIM($B107),".",""),7,2))))) | G107: =IF($C107="","",IF(ISNUMBER($C107),$C107,VALUE(SUBSTITUTE(SUBSTITUTE($C107," ",""),",","."))))
E108: =IF($A108="","",IF(ISNUMBER($A108),INT($A108),DATE(VALUE(LEFT(SUBSTITUTE(TRIM($A108),".",""),4)),VALUE(MID(SUBSTITUTE(TRIM($A108),".",""),5,2)),VALUE(MID(SUBSTITUTE(TRIM($A108),".",""),7,2))))) | F108: =IF($B108="","",IF(ISNUMBER($B108),INT($B108),DATE(VALUE(LEFT(SUBSTITUTE(TRIM($B108),".",""),4)),VALUE(MID(SUBSTITUTE(TRIM($B108),".",""),5,2)),VALUE(MID(SUBSTITUTE(TRIM($B108),".",""),7,2))))) | G108: =IF($C108="","",IF(ISNUMBER($C108),$C108,VALUE(SUBSTITUTE(SUBSTITUTE($C108," ",""),",","."))))
E109: =IF($A109="","",IF(ISNUMBER($A109),INT($A109),DATE(VALUE(LEFT(SUBSTITUTE(TRIM($A109),".",""),4)),VALUE(MID(SUBSTITUTE(TRIM($A109),".",""),5,2)),VALUE(MID(SUBSTITUTE(TRIM($A109),".",""),7,2))))) | F109: =IF($B109="","",IF(ISNUMBER($B109),INT($B109),DATE(VALUE(LEFT(SUBSTITUTE(TRIM($B109),".",""),4)),VALUE(MID(SUBSTITUTE(TRIM($B109),".",""),5,2)),VALUE(MID(SUBSTITUTE(TRIM($B109),".",""),7,2))))) | G109: =IF($C109="","",IF(ISNUMBER($C109),$C109,VALUE(SUBSTITUTE(SUBSTITUTE($C109," ",""),",","."))))
E110: =IF($A110="","",IF(ISNUMBER($A110),INT($A110),DATE(VALUE(LEFT(SUBSTITUTE(TRIM($A110),".",""),4)),VALUE(MID(SUBSTITUTE(TRIM($A110),".",""),5,2)),VALUE(MID(SUBSTITUTE(TRIM($A110),".",""),7,2))))) | F110: =IF($B110="","",IF(ISNUMBER($B110),INT($B110),DATE(VALUE(LEFT(SUBSTITUTE(TRIM($B110),".",""),4)),VALUE(MID(SUBSTITUTE(TRIM($B110),".",""),5,2)),VALUE(MID(SUBSTITUTE(TRIM($B110),".",""),7,2))))) | G110: =IF($C110="","",IF(ISNUMBER($C110),$C110,VALUE(SUBSTITUTE(SUBSTITUTE($C110," ",""),",","."))))
E111: =IF($A111="","",IF(ISNUMBER($A111),INT($A111),DATE(VALUE(LEFT(SUBSTITUTE(TRIM($A111),".",""),4)),VALUE(MID(SUBSTITUTE(TRIM($A111),".",""),5,2)),VALUE(MID(SUBSTITUTE(TRIM($A111),".",""),7,2))))) | F111: =IF($B111="","",IF(ISNUMBER($B111),INT($B111),DATE(VALUE(LEFT(SUBSTITUTE(TRIM($B111),".",""),4)),VALUE(MID(SUBSTITUTE(TRIM($B111),".",""),5,2)),VALUE(MID(SUBSTITUTE(TRIM($B111),".",""),7,2))))) | G111: =IF($C111="","",IF(ISNUMBER($C111),$C111,VALUE(SUBSTITUTE(SUBSTITUTE($C111," ",""),",","."))))
E112: =IF($A112="","",IF(ISNUMBER($A112),INT($A112),DATE(VALUE(LEFT(SUBSTITUTE(TRIM($A112),".",""),4)),VALUE(MID(SUBSTITUTE(TRIM($A112),".",""),5,2)),VALUE(MID(SUBSTITUTE(TRIM($A112),".",""),7,2))))) | F112: =IF($B112="","",IF(ISNUMBER($B112),INT($B112),DATE(VALUE(LEFT(SUBSTITUTE(TRIM($B112),".",""),4)),VALUE(MID(SUBSTITUTE(TRIM($B112),".",""),5,2)),VALUE(MID(SUBSTITUTE(TRIM($B112),".",""),7,2))))) | G112: =IF($C112="","",IF(ISNUMBER($C112),$C112,VALUE(SUBSTITUTE(SUBSTITUTE($C112," ",""),",","."))))
E113: =IF($A113="","",IF(ISNUMBER($A113),INT($A113),DATE(VALUE(LEFT(SUBSTITUTE(TRIM($A113),".",""),4)),VALUE(MID(SUBSTITUTE(TRIM($A113),".",""),5,2)),VALUE(MID(SUBSTITUTE(TRIM($A113),".",""),7,2))))) | F113: =IF($B113="","",IF(ISNUMBER($B113),INT($B113),DATE(VALUE(LEFT(SUBSTITUTE(TRIM($B113),".",""),4)),VALUE(MID(SUBSTITUTE(TRIM($B113),".",""),5,2)),VALUE(MID(SUBSTITUTE(TRIM($B113),".",""),7,2))))) | G113: =IF($C113="","",IF(ISNUMBER($C113),$C113,VALUE(SUBSTITUTE(SUBSTITUTE($C113," ",""),",","."))))
... E301: =IF($A301="","",IF(ISNUMBER($A301),INT($A301),DATE(VALUE(LEFT(SUBSTITUTE(TRIM($A301),".",""),4)),VALUE(MID(SUBSTITUTE(TRIM($A301),".",""),5,2)),VALUE(MID(SUBSTITUTE(TRIM($A301),".",""),7,2))))) | F301: =IF($B301="","",IF(ISNUMBER($B301),INT($B301),DATE(VALUE(LEFT(SUBSTITUTE(TRIM($B301),".",""),4)),VALUE(MID(SUBSTITUTE(TRIM($B301),".",""),5,2)),VALUE(MID(SUBSTITUTE(TRIM($B301),".",""),7,2))))) | G301: =IF($C301="","",IF(ISNUMBER($C301),$C301,VALUE(SUBSTITUTE(SUBSTITUTE($C301," ",""),",","."))))

Sheet Szabalyok
A1: Tol | B1: Ig | C1: Jarulek % | E1: Megjegyzes
A2: 32143 | B2: 33663 | C2: 10 | E2: A szabalytabla modosithato; a Szamitas lap automatikusan frissul ez alapján
A3: 33664 | B3: 34334 | C3: 6
A4: 34335 | B4: 34699 | C4: 6
A5: 34700 | B5: 35064 | C5: 6
A6: 35065 | B6: 35185 | C6: 6
A7: 35186 | B7: 35461 | C7: 6
A8: 35462 | B8: 35795 | C8: 6
A9: 35796 | B9: 36160 | C9: 7
A10: 36161 | B10: 36525 | C10: 8
A11: 36526 | B11: 36891 | C11: 8
A12: 36892 | B12: 37256 | C12: 8
A13: 37257 | B13: 37621 | C13: 8
A14: 37622 | B14: 37986 | C14: 8.5
... A26: 42005 | B26: 42369 | C26: 10

Sheet Szamitas
A1: 0 | B1: A - tol | C1: B - ig | D1: C - napi osszeg | E1: D - jogcim | F1: E - napok | G1: F - jarulekalap | H1: G - jarulek % (felulirhato) | I1: H - jarulek | J1: I - eves osszeg | K1: J - eves jarulek | L1: Ev | M1: Input sor | N1: Szabaly sor | O1: Alap % | P1: sor | Q1: Dokumentacio
A2: =IF(P2=0,0,P2) -> 0 | B2: =IF($M2>300,"",IF(OR(INDEX(Bemenet!$E$2:$E$301,$M2)="",INDEX(Bemenet!$F$2:$F$301,$M2)=""),"",MAX(INDEX(Bemenet!$E$2:$E$301,$M2),INDEX(Szabalyok!$A:$A,$N2)))) | C2: =IF($B2="","",MIN(INDEX(Bemenet!$F$2:$F$301,$M2),INDEX(Szabalyok!$B:$B,$N2))) | D2: =IF(AND($B2<>"",$C2<>"",$B2<=$C2),INDEX(Bemenet!$G$2:$G$301,$M2),"") | E2: =IF(AND($B2<>"",$C2<>"",$B2<=$C2),INDEX(Bemenet!$D$2:$D$301,$M2),"") | F2: =IF(AND($B2<>"",$C2<>"",$B2<=$C2),$C2-$B2+1,"") | G2: =IF($F2="","",$F2*$D2) | H2: =IF($G2="","",$O2) | I2: =IF($G2="","",$G2*IF($H2="",$O2,$H2)/100) | J2: =IF(OR($L2="",NOT(COUNTIFS($L$2:$L2,$L2)=1)),"",SUMIFS($G:$G,$L:$L,$L2)) | K2: =IF(OR($L2="",NOT(COUNTIFS($L$2:$L2,$L2)=1)),"",SUMIFS($I:$I,$L:$L,$L2)) | L2: =IF($B2="","",YEAR($B2)) | M2: =INT((ROW()-2)/25)+1 -> 1 | N2: =MOD(ROW()-2,25)+2 -> 2 | O2: =IF(AND($B2<>"",$C2<>"",$B2<=$C2),INDEX(Szabalyok!$C:$C,$N2),"") | P2: =IF(D2="",0,1) -> 0 | Q2: Ebbe a táblázatba ne írj semmit, ne változtass semmin, automatikusan számol
A3: =IF(P3=P2,0,P3) -> 0 | B3: =IF($M3>300,"",IF(OR(INDEX(Bemenet!$E$2:$E$301,$M3)="",INDEX(Bemenet!$F$2:$F$301,$M3)=""),"",MAX(INDEX(Bemenet!$E$2:$E$301,$M3),INDEX(Szabalyok!$A:$A,$N3)))) | C3: =IF($B3="","",MIN(INDEX(Bemenet!$F$2:$F$301,$M3),INDEX(Szabalyok!$B:$B,$N3))) | D3: =IF(AND($B3<>"",$C3<>"",$B3<=$C3),INDEX(Bemenet!$G$2:$G$301,$M3),"") | E3: =IF(AND($B3<>"",$C3<>"",$B3<=$C3),INDEX(Bemenet!$D$2:$D$301,$M3),"") | F3: =IF(AND($B3<>"",$C3<>"",$B3<=$C3),$C3-$B3+1,"") | G3: =IF($F3="","",$F3*$D3) | H3: =IF($G3="","",$O3) | I3: =IF($G3="","",$G3*IF($H3="",$O3,$H3)/100) | J3: =IF(OR($L3="",NOT(COUNTIFS($L$2:$L3,$L3)=1)),"",SUMIFS($G:$G,$L:$L,$L3)) | K3: =IF(OR($L3="",NOT(COUNTIFS($L$2:$L3,$L3)=1)),"",SUMIFS($I:$I,$L:$L,$L3)) | L3: =IF($B3="","",YEAR($B3)) | M3: =INT((ROW()-2)/25)+1 -> 1 | N3: =MOD(ROW()-2,25)+2 -> 3 | O3: =IF(AND($B3<>"",$C3<>"",$B3<=$C3),INDEX(Szabalyok!$C:$C,$N3),"") | P3: =IF(D3="",P2,P2+1) -> 0
A4: =IF(P4=P3,0,P4) -> 0 | B4: =IF($M4>300,"",IF(OR(INDEX(Bemenet!$E$2:$E$301,$M4)="",INDEX(Bemenet!$F$2:$F$301,$M4)=""),"",MAX(INDEX(Bemenet!$E$2:$E$301,$M4),INDEX(Szabalyok!$A:$A,$N4)))) | C4: =IF($B4="","",MIN(INDEX(Bemenet!$F$2:$F$301,$M4),INDEX(Szabalyok!$B:$B,$N4))) | D4: =IF(AND($B4<>"",$C4<>"",$B4<=$C4),INDEX(Bemenet!$G$2:$G$301,$M4),"") | E4: =IF(AND($B4<>"",$C4<>"",$B4<=$C4),INDEX(Bemenet!$D$2:$D$301,$M4),"") | F4: =IF(AND($B4<>"",$C4<>"",$B4<=$C4),$C4-$B4+1,"") | G4: =IF($F4="","",$F4*$D4) | H4: =IF($G4="","",$O4) | I4: =IF($G4="","",$G4*IF($H4="",$O4,$H4)/100) | J4: =IF(OR($L4="",NOT(COUNTIFS($L$2:$L4,$L4)=1)),"",SUMIFS($G:$G,$L:$L,$L4)) | K4: =IF(OR($L4="",NOT(COUNTIFS($L$2:$L4,$L4)=1)),"",SUMIFS($I:$I,$L:$L,$L4)) | L4: =IF($B4="","",YEAR($B4)) | M4: =INT((ROW()-2)/25)+1 -> 1 | N4: =MOD(ROW()-2,25)+2 -> 4 | O4: =IF(AND($B4<>"",$C4<>"",$B4<=$C4),INDEX(Szabalyok!$C:$C,$N4),"") | P4: =IF(D4="",P3,P3+1) -> 0
A5: =IF(P5=P4,0,P5) -> 0 | B5: =IF($M5>300,"",IF(OR(INDEX(Bemenet!$E$2:$E$301,$M5)="",INDEX(Bemenet!$F$2:$F$301,$M5)=""),"",MAX(INDEX(Bemenet!$E$2:$E$301,$M5),INDEX(Szabalyok!$A:$A,$N5)))) | C5: =IF($B5="","",MIN(INDEX(Bemenet!$F$2:$F$301,$M5),INDEX(Szabalyok!$B:$B,$N5))) | D5: =IF(AND($B5<>"",$C5<>"",$B5<=$C5),INDEX(Bemenet!$G$2:$G$301,$M5),"") | E5: =IF(AND($B5<>"",$C5<>"",$B5<=$C5),INDEX(Bemenet!$D$2:$D$301,$M5),"") | F5: =IF(AND($B5<>"",$C5<>"",$B5<=$C5),$C5-$B5+1,"") | G5: =IF($F5="","",$F5*$D5) | H5: =IF($G5="","",$O5) | I5: =IF($G5="","",$G5*IF($H5="",$O5,$H5)/100) | J5: =IF(OR($L5="",NOT(COUNTIFS($L$2:$L5,$L5)=1)),"",SUMIFS($G:$G,$L:$L,$L5)) | K5: =IF(OR($L5="",NOT(COUNTIFS($L$2:$L5,$L5)=1)),"",SUMIFS($I:$I,$L:$L,$L5)) | L5: =IF($B5="","",YEAR($B5)) | M5: =INT((ROW()-2)/25)+1 -> 1 | N5: =MOD(ROW()-2,25)+2 -> 5 | O5: =IF(AND($B5<>"",$C5<>"",$B5<=$C5),INDEX(Szabalyok!$C:$C,$N5),"") | P5: =IF(D5="",P4,P4+1) -> 0
A6: =IF(P6=P5,0,P6) -> 0 | B6: =IF($M6>300,"",IF(OR(INDEX(Bemenet!$E$2:$E$301,$M6)="",INDEX(Bemenet!$F$2:$F$301,$M6)=""),"",MAX(INDEX(Bemenet!$E$2:$E$301,$M6),INDEX(Szabalyok!$A:$A,$N6)))) | C6: =IF($B6="","",MIN(INDEX(Bemenet!$F$2:$F$301,$M6),INDEX(Szabalyok!$B:$B,$N6))) | D6: =IF(AND($B6<>"",$C6<>"",$B6<=$C6),INDEX(Bemenet!$G$2:$G$301,$M6),"") | E6: =IF(AND($B6<>"",$C6<>"",$B6<=$C6),INDEX(Bemenet!$D$2:$D$301,$M6),"") | F6: =IF(AND($B6<>"",$C6<>"",$B6<=$C6),$C6-$B6+1,"") | G6: =IF($F6="","",$F6*$D6) | H6: =IF($G6="","",$O6) | I6: =IF($G6="","",$G6*IF($H6="",$O6,$H6)/100) | J6: =IF(OR($L6="",NOT(COUNTIFS($L$2:$L6,$L6)=1)),"",SUMIFS($G:$G,$L:$L,$L6)) | K6: =IF(OR($L6="",NOT(COUNTIFS($L$2:$L6,$L6)=1)),"",SUMIFS($I:$I,$L:$L,$L6)) | L6: =IF($B6="","",YEAR($B6)) | M6: =INT((ROW()-2)/25)+1 -> 1 | N6: =MOD(ROW()-2,25)+2 -> 6 | O6: =IF(AND($B6<>"",$C6<>"",$B6<=$C6),INDEX(Szabalyok!$C:$C,$N6),"") | P6: =IF(D6="",P5,P5+1) -> 0
A7: =IF(P7=P6,0,P7) -> 0 | B7: =IF($M7>300,"",IF(OR(INDEX(Bemenet!$E$2:$E$301,$M7)="",INDEX(Bemenet!$F$2:$F$301,$M7)=""),"",MAX(INDEX(Bemenet!$E$2:$E$301,$M7),INDEX(Szabalyok!$A:$A,$N7)))) | C7: =IF($B7="","",MIN(INDEX(Bemenet!$F$2:$F$301,$M7),INDEX(Szabalyok!$B:$B,$N7))) | D7: =IF(AND($B7<>"",$C7<>"",$B7<=$C7),INDEX(Bemenet!$G$2:$G$301,$M7),"") | E7: =IF(AND($B7<>"",$C7<>"",$B7<=$C7),INDEX(Bemenet!$D$2:$D$301,$M7),"") | F7: =IF(AND($B7<>"",$C7<>"",$B7<=$C7),$C7-$B7+1,"") | G7: =IF($F7="","",$F7*$D7) | H7: =IF($G7="","",$O7) | I7: =IF($G7="","",$G7*IF($H7="",$O7,$H7)/100) | J7: =IF(OR($L7="",NOT(COUNTIFS($L$2:$L7,$L7)=1)),"",SUMIFS($G:$G,$L:$L,$L7)) | K7: =IF(OR($L7="",NOT(COUNTIFS($L$2:$L7,$L7)=1)),"",SUMIFS($I:$I,$L:$L,$L7)) | L7: =IF($B7="","",YEAR($B7)) | M7: =INT((ROW()-2)/25)+1 -> 1 | N7: =MOD(ROW()-2,25)+2 -> 7 | O7: =IF(AND($B7<>"",$C7<>"",$B7<=$C7),INDEX(Szabalyok!$C:$C,$N7),"") | P7: =IF(D7="",P6,P6+1) -> 0
A8: =IF(P8=P7,0,P8) -> 0 | B8: =IF($M8>300,"",IF(OR(INDEX(Bemenet!$E$2:$E$301,$M8)="",INDEX(Bemenet!$F$2:$F$301,$M8)=""),"",MAX(INDEX(Bemenet!$E$2:$E$301,$M8),INDEX(Szabalyok!$A:$A,$N8)))) | C8: =IF($B8="","",MIN(INDEX(Bemenet!$F$2:$F$301,$M8),INDEX(Szabalyok!$B:$B,$N8))) | D8: =IF(AND($B8<>"",$C8<>"",$B8<=$C8),INDEX(Bemenet!$G$2:$G$301,$M8),"") | E8: =IF(AND($B8<>"",$C8<>"",$B8<=$C8),INDEX(Bemenet!$D$2:$D$301,$M8),"") | F8: =IF(AND($B8<>"",$C8<>"",$B8<=$C8),$C8-$B8+1,"") | G8: =IF($F8="","",$F8*$D8) | H8: =IF($G8="","",$O8) | I8: =IF($G8="","",$G8*IF($H8="",$O8,$H8)/100) | J8: =IF(OR($L8="",NOT(COUNTIFS($L$2:$L8,$L8)=1)),"",SUMIFS($G:$G,$L:$L,$L8)) | K8: =IF(OR($L8="",NOT(COUNTIFS($L$2:$L8,$L8)=1)),"",SUMIFS($I:$I,$L:$L,$L8)) | L8: =IF($B8="","",YEAR($B8)) | M8: =INT((ROW()-2)/25)+1 -> 1 | N8: =MOD(ROW()-2,25)+2 -> 8 | O8: =IF(AND($B8<>"",$C8<>"",$B8<=$C8),INDEX(Szabalyok!$C:$C,$N8),"") | P8: =IF(D8="",P7,P7+1) -> 0
A9: =IF(P9=P8,0,P9) -> 0 | B9: =IF($M9>300,"",IF(OR(INDEX(Bemenet!$E$2:$E$301,$M9)="",INDEX(Bemenet!$F$2:$F$301,$M9)=""),"",MAX(INDEX(Bemenet!$E$2:$E$301,$M9),INDEX(Szabalyok!$A:$A,$N9)))) | C9: =IF($B9="","",MIN(INDEX(Bemenet!$F$2:$F$301,$M9),INDEX(Szabalyok!$B:$B,$N9))) | D9: =IF(AND($B9<>"",$C9<>"",$B9<=$C9),INDEX(Bemenet!$G$2:$G$301,$M9),"") | E9: =IF(AND($B9<>"",$C9<>"",$B9<=$C9),INDEX(Bemenet!$D$2:$D$301,$M9),"") | F9: =IF(AND($B9<>"",$C9<>"",$B9<=$C9),$C9-$B9+1,"") | G9: =IF($F9="","",$F9*$D9) | H9: =IF($G9="","",$O9) | I9: =IF($G9="","",$G9*IF($H9="",$O9,$H9)/100) | J9: =IF(OR($L9="",NOT(COUNTIFS($L$2:$L9,$L9)=1)),"",SUMIFS($G:$G,$L:$L,$L9)) | K9: =IF(OR($L9="",NOT(COUNTIFS($L$2:$L9,$L9)=1)),"",SUMIFS($I:$I,$L:$L,$L9)) | L9: =IF($B9="","",YEAR($B9)) | M9: =INT((ROW()-2)/25)+1 -> 1 | N9: =MOD(ROW()-2,25)+2 -> 9 | O9: =IF(AND($B9<>"",$C9<>"",$B9<=$C9),INDEX(Szabalyok!$C:$C,$N9),"") | P9: =IF(D9="",P8,P8+1) -> 0
A10: =IF(P10=P9,0,P10) -> 0 | B10: =IF($M10>300,"",IF(OR(INDEX(Bemenet!$E$2:$E$301,$M10)="",INDEX(Bemenet!$F$2:$F$301,$M10)=""),"",MAX(INDEX(Bemenet!$E$2:$E$301,$M10),INDEX(Szabalyok!$A:$A,$N10)))) | C10: =IF($B10="","",MIN(INDEX(Bemenet!$F$2:$F$301,$M10),INDEX(Szabalyok!$B:$B,$N10))) | D10: =IF(AND($B10<>"",$C10<>"",$B10<=$C10),INDEX(Bemenet!$G$2:$G$301,$M10),"") | E10: =IF(AND($B10<>"",$C10<>"",$B10<=$C10),INDEX(Bemenet!$D$2:$D$301,$M10),"") | F10: =IF(AND($B10<>"",$C10<>"",$B10<=$C10),$C10-$B10+1,"") | G10: =IF($F10="","",$F10*$D10) | H10: =IF($G10="","",$O10) | I10: =IF($G10="","",$G10*IF($H10="",$O10,$H10)/100) | J10: =IF(OR($L10="",NOT(COUNTIFS($L$2:$L10,$L10)=1)),"",SUMIFS($G:$G,$L:$L,$L10)) | K10: =IF(OR($L10="",NOT(COUNTIFS($L$2:$L10,$L10)=1)),"",SUMIFS($I:$I,$L:$L,$L10)) | L10: =IF($B10="","",YEAR($B10)) | M10: =INT((ROW()-2)/25)+1 -> 1 | N10: =MOD(ROW()-2,25)+2 -> 10 | O10: =IF(AND($B10<>"",$C10<>"",$B10<=$C10),INDEX(Szabalyok!$C:$C,$N10),"") | P10: =IF(D10="",P9,P9+1) -> 0
A11: =IF(P11=P10,0,P11) -> 0 | B11: =IF($M11>300,"",IF(OR(INDEX(Bemenet!$E$2:$E$301,$M11)="",INDEX(Bemenet!$F$2:$F$301,$M11)=""),"",MAX(INDEX(Bemenet!$E$2:$E$301,$M11),INDEX(Szabalyok!$A:$A,$N11)))) | C11: =IF($B11="","",MIN(INDEX(Bemenet!$F$2:$F$301,$M11),INDEX(Szabalyok!$B:$B,$N11))) | D11: =IF(AND($B11<>"",$C11<>"",$B11<=$C11),INDEX(Bemenet!$G$2:$G$301,$M11),"") | E11: =IF(AND($B11<>"",$C11<>"",$B11<=$C11),INDEX(Bemenet!$D$2:$D$301,$M11),"") | F11: =IF(AND($B11<>"",$C11<>"",$B11<=$C11),$C11-$B11+1,"") | G11: =IF($F11="","",$F11*$D11) | H11: =IF($G11="","",$O11) | I11: =IF($G11="","",$G11*IF($H11="",$O11,$H11)/100) | J11: =IF(OR($L11="",NOT(COUNTIFS($L$2:$L11,$L11)=1)),"",SUMIFS($G:$G,$L:$L,$L11)) | K11: =IF(OR($L11="",NOT(COUNTIFS($L$2:$L11,$L11)=1)),"",SUMIFS($I:$I,$L:$L,$L11)) | L11: =IF($B11="","",YEAR($B11)) | M11: =INT((ROW()-2)/25)+1 -> 1 | N11: =MOD(ROW()-2,25)+2 -> 11 | O11: =IF(AND($B11<>"",$C11<>"",$B11<=$C11),INDEX(Szabalyok!$C:$C,$N11),"") | P11: =IF(D11="",P10,P10+1) -> 0
A12: =IF(P12=P11,0,P12) -> 0 | B12: =IF($M12>300,"",IF(OR(INDEX(Bemenet!$E$2:$E$301,$M12)="",INDEX(Bemenet!$F$2:$F$301,$M12)=""),"",MAX(INDEX(Bemenet!$E$2:$E$301,$M12),INDEX(Szabalyok!$A:$A,$N12)))) | C12: =IF($B12="","",MIN(INDEX(Bemenet!$F$2:$F$301,$M12),INDEX(Szabalyok!$B:$B,$N12))) | D12: =IF(AND($B12<>"",$C12<>"",$B12<=$C12),INDEX(Bemenet!$G$2:$G$301,$M12),"") | E12: =IF(AND($B12<>"",$C12<>"",$B12<=$C12),INDEX(Bemenet!$D$2:$D$301,$M12),"") | F12: =IF(AND($B12<>"",$C12<>"",$B12<=$C12),$C12-$B12+1,"") | G12: =IF($F12="","",$F12*$D12) | H12: =IF($G12="","",$O12) | I12: =IF($G12="","",$G12*IF($H12="",$O12,$H12)/100) | J12: =IF(OR($L12="",NOT(COUNTIFS($L$2:$L12,$L12)=1)),"",SUMIFS($G:$G,$L:$L,$L12)) | K12: =IF(OR($L12="",NOT(COUNTIFS($L$2:$L12,$L12)=1)),"",SUMIFS($I:$I,$L:$L,$L12)) | L12: =IF($B12="","",YEAR($B12)) | M12: =INT((ROW()-2)/25)+1 -> 1 | N12: =MOD(ROW()-2,25)+2 -> 12 | O12: =IF(AND($B12<>"",$C12<>"",$B12<=$C12),INDEX(Szabalyok!$C:$C,$N12),"") | P12: =IF(D12="",P11,P11+1) -> 0
A13: =IF(P13=P12,0,P13) -> 0 | B13: =IF($M13>300,"",IF(OR(INDEX(Bemenet!$E$2:$E$301,$M13)="",INDEX(Bemenet!$F$2:$F$301,$M13)=""),"",MAX(INDEX(Bemenet!$E$2:$E$301,$M13),INDEX(Szabalyok!$A:$A,$N13)))) | C13: =IF($B13="","",MIN(INDEX(Bemenet!$F$2:$F$301,$M13),INDEX(Szabalyok!$B:$B,$N13))) | D13: =IF(AND($B13<>"",$C13<>"",$B13<=$C13),INDEX(Bemenet!$G$2:$G$301,$M13),"") | E13: =IF(AND($B13<>"",$C13<>"",$B13<=$C13),INDEX(Bemenet!$D$2:$D$301,$M13),"") | F13: =IF(AND($B13<>"",$C13<>"",$B13<=$C13),$C13-$B13+1,"") | G13: =IF($F13="","",$F13*$D13) | H13: =IF($G13="","",$O13) | I13: =IF($G13="","",$G13*IF($H13="",$O13,$H13)/100) | J13: =IF(OR($L13="",NOT(COUNTIFS($L$2:$L13,$L13)=1)),"",SUMIFS($G:$G,$L:$L,$L13)) | K13: =IF(OR($L13="",NOT(COUNTIFS($L$2:$L13,$L13)=1)),"",SUMIFS($I:$I,$L:$L,$L13)) | L13: =IF($B13="","",YEAR($B13)) | M13: =INT((ROW()-2)/25)+1 -> 1 | N13: =MOD(ROW()-2,25)+2 -> 13 | O13: =IF(AND($B13<>"",$C13<>"",$B13<=$C13),INDEX(Szabalyok!$C:$C,$N13),"") | P13: =IF(D13="",P12,P12+1) -> 0
A14: =IF(P14=P13,0,P14) -> 0 | B14: =IF($M14>300,"",IF(OR(INDEX(Bemenet!$E$2:$E$301,$M14)="",INDEX(Bemenet!$F$2:$F$301,$M14)=""),"",MAX(INDEX(Bemenet!$E$2:$E$301,$M14),INDEX(Szabalyok!$A:$A,$N14)))) | C14: =IF($B14="","",MIN(INDEX(Bemenet!$F$2:$F$301,$M14),INDEX(Szabalyok!$B:$B,$N14))) | D14: =IF(AND($B14<>"",$C14<>"",$B14<=$C14),INDEX(Bemenet!$G$2:$G$301,$M14),"") | E14: =IF(AND($B14<>"",$C14<>"",$B14<=$C14),INDEX(Bemenet!$D$2:$D$301,$M14),"") | F14: =IF(AND($B14<>"",$C14<>"",$B14<=$C14),$C14-$B14+1,"") | G14: =IF($F14="","",$F14*$D14) | H14: =IF($G14="","",$O14) | I14: =IF($G14="","",$G14*IF($H14="",$O14,$H14)/100) | J14: =IF(OR($L14="",NOT(COUNTIFS($L$2:$L14,$L14)=1)),"",SUMIFS($G:$G,$L:$L,$L14)) | K14: =IF(OR($L14="",NOT(COUNTIFS($L$2:$L14,$L14)=1)),"",SUMIFS($I:$I,$L:$L,$L14)) | L14: =IF($B14="","",YEAR($B14)) | M14: =INT((ROW()-2)/25)+1 -> 1 | N14: =MOD(ROW()-2,25)+2 -> 14 | O14: =IF(AND($B14<>"",$C14<>"",$B14<=$C14),INDEX(Szabalyok!$C:$C,$N14),"") | P14: =IF(D14="",P13,P13+1) -> 0
... A7501: =IF(P7501=P7500,0,P7501) -> 0 | B7501: =IF($M7501>300,"",IF(OR(INDEX(Bemenet!$E$2:$E$301,$M7501)="",INDEX(Bemenet!$F$2:$F$301,$M7501)=""),"",MAX(INDEX(Bemenet!$E$2:$E$301,$M7501),INDEX(Szabalyok!$A:$A,$N7501)))) | C7501: =IF($B7501="","",MIN(INDEX(Bemenet!$F$2:$F$301,$M7501),INDEX(Szabalyok!$B:$B,$N7501))) | D7501: =IF(AND($B7501<>"",$C7501<>"",$B7501<=$C7501),INDEX(Bemenet!$G$2:$G$301,$M7501),"") | E7501: =IF(AND($B7501<>"",$C7501<>"",$B7501<=$C7501),INDEX(Bemenet!$D$2:$D$301,$M7501),"") | F7501: =IF(AND($B7501<>"",$C7501<>"",$B7501<=$C7501),$C7501-$B7501+1,"") | G7501: =IF($F7501="","",$F7501*$D7501) | H7501: =IF($G7501="","",$O7501) | I7501: =IF($G7501="","",$G7501*IF($H7501="",$O7501,$H7501)/100) | J7501: =IF(OR($L7501="",NOT(COUNTIFS($L$2:$L7501,$L7501)=1)),"",SUMIFS($G:$G,$L:$L,$L7501)) | K7501: =IF(OR($L7501="",NOT(COUNTIFS($L$2:$L7501,$L7501)=1)),"",SUMIFS($I:$I,$L:$L,$L7501)) | L7501: =IF($B7501="","",YEAR($B7501)) | M7501: =INT((ROW()-2)/25)+1 -> 300 | N7501: =MOD(ROW()-2,25)+2 -> 26 | O7501: =IF(AND($B7501<>"",$C7501<>"",$B7501<=$C7501),INDEX(Szabalyok!$C:$C,$N7501),"") | P7501: =IF(D7501="",P7500,P7500+1) -> 0
