Workbook

Sheet Nyers1
A1: Nyers adatok 1
A3: azonosító | B3: tól | C3: ig | D3: munkáltató | E3: jogviszony | F3: járulékalap | G3: nem_rendszeres | H3: járulék_összeg | I3: közölt_napok | J3: megjegyzés

Sheet Nyers2
A1: Nyers adatok 2
A3: azonosító | B3: tól | C3: ig | D3: munkáltató | E3: jogviszony | F3: járulékalap | G3: nem_rendszeres | H3: járulék_összeg | I3: közölt_napok | J3: megjegyzés

Sheet Összeítés
A1: Összeítés
A2: 1. Szolgálati időként értékelendő időszakok
A4: azonosító | B4: tól | C4: ig | D4: közölt_napok | E4: munkáltató | F4: jogviszony | G4: minősítés_betűjele | H4: megjegyzés
A128: 2. Kapcsolódó bérezett és bérezetlen időszakok / jogcímek
A130: kapcsolat_azonosító | B130: tól | C130: ig | D130: napok | E130: munkáltató | F130: jogcím | G130: járulékalap | H130: nem_rendszeres | I130: járulék_összeg | J130: megjegyzés

Sheet Szabályok
A1: Szabályok és prioritások
A2: Javasolt prioritási rendszer: 0 kizárt, 1 elsődleges kereső jogviszony, 2 másodlagos kereső jogviszony, 3 gyermekellátási jogcím, 4 elfogadható, de nem kereső jellegű idő.
A4: prioritás | B4: kategória | C4: napot_vihet | D4: bér_elfogadható | E4: leírás
A5: 0 | B5: nem fogadható el szolgálati időnek | C5: NEM | D5: NEM | E5: Kizárt vagy minimum / kizáró feltétel miatt elutasított idő.
A6: 1 | B6: elsődleges kereső jogviszony | C6: IGEN | D6: IGEN | E6: Munkaviszony, főállású egyéni vagy társas vállalkozás, ha van bér és nincs kizáró ok.
A7: 2 | B7: másodlagos kereső jogviszony | C7: IGEN | D7: IGEN | E7: Megbízásos, EFO, bedolgozó, mellékes EV / társas tag, ha teljesíti a minimumfeltételeket.
A8: 3 | B8: gyermekellátási jogcím | C8: IGEN | D8: NEM | E8: GYES, GYED, TGYÁS / CSED és hasonlók, ha nincs náluk magasabb prioritású elfogadható idő.
A9: 4 | B9: elfogadható nem kereső idő | C9: IGEN | D9: NEM | E9: Táppénz, fizetés nélküli szabadság első 30 napja és hasonló N-típusú idők.
A12: jogcím_megnevezés | B12: prioritás | C12: alap_kód | D12: munkaviszony_jellegű | E12: minimumbér_vizsgálat | F12: plafon_vizsgálat | G12: szüneteltetés_kizárhatja | H12: tartozás_kizárhatja | I12: gyermekes_jogcím | J12: megjegyzés
A13: munkaviszony | B13: 1 | C13: J | D13: IGEN | E13: NEM | F13: IGEN | G13: NEM | H13: NEM | I13: NEM | J13: Ha bér > 0, nap és bér elfogadható.
A14: egyéni vállalkozó főállású | B14: 1 | C14: J | D14: NEM | E14: IGEN | F14: IGEN | G14: IGEN | H14: IGEN | I14: NEM | J14: Szüneteltetés és tartozás kizárhatja.
A15: társas vállalkozás tagja főállású | B15: 1 | C15: J | D15: NEM | E15: IGEN | F15: IGEN | G15: NEM | H15: IGEN | I15: NEM | J15: Tartozás kizárhatja.
A16: megbízásos | B16: 2 | C16: J | D16: NEM | E16: IGEN | F16: IGEN | G16: NEM | H16: NEM | I16: NEM | J16: Ha nincs munkaviszony és a bér nem éri el a minimumot, nap és bér sem fogadható el.
A17: egyszerűsített foglalkoztatás | B17: 2 | C17: J | D17: NEM | E17: IGEN | F17: IGEN | G17: NEM | H17: NEM | I17: NEM | J17: Minimumfeltételhez kötött.
A18: bedolgozó | B18: 2 | C18: J | D18: NEM | E18: IGEN | F18: IGEN | G18: NEM | H18: NEM | I18: NEM | J18: Minimumfeltételhez kötött.
A19: egyéni vállalkozó munkaviszony mellett | B19: 2 | C19: J | D19: NEM | E19: IGEN | F19: IGEN | G19: IGEN | H19: IGEN | I19: NEM | J19: Csak ha a minimum és kizáró feltételek teljesülnek.
A20: társas vállalkozás tagja munkaviszony mellett | B20: 2 | C20: J | D20: NEM | E20: IGEN | F20: IGEN | G20: NEM | H20: IGEN | I20: NEM | J20: Csak ha a minimum és kizáró feltételek teljesülnek.
A21: GYES | B21: 3 | C21: G | D21: NEM | E21: NEM | F21: NEM | G21: NEM | H21: NEM | I21: IGEN | J21: Gyermekes jogcím.
A22: GYED | B22: 3 | C22: G | D22: NEM | E22: NEM | F22: NEM | G22: NEM | H22: NEM | I22: IGEN | J22: Gyermekes jogcím.
A23: TGYÁS | B23: 3 | C23: G | D23: NEM | E23: NEM | F23: NEM | G23: NEM | H23: NEM | I23: IGEN | J23: Gyermekes jogcím.
A24: CSED | B24: 3 | C24: G | D24: NEM | E24: NEM | F24: NEM | G24: NEM | H24: NEM | I24: IGEN | J24: Gyermekes jogcím.
... A32: 0 Ft-os megbízásos idő | B32: 0 | C32: X | D32: NEM | E32: IGEN | F32: NEM | G32: NEM | H32: NEM | I32: NEM | J32: Minimum alatt nem fogadható el.

Sheet Átfedő idők
A1: Átfedő idők és számítás
A2: Ide kerüljenek a már megbontott, egymással ténylegesen átfedést vizsgálandó időszeletek. A bérplafon számítása sor-rendben fut, ezért egy éven belül előbb a munkaviszonyos, majd az egyéb elfogadható sorok legyenek fent; az utolsó túlfutó bér vágódik meg.
A4: sor_id | B4: tól | C4: ig | D4: napok | E4: év | F4: forrás_azonosító | G4: munkáltató | H4: jogcím | I4: prioritás | J4: alap_kód | K4: munkaviszony_jellegű? | L4: minimumbér_vizsgálat? | M4: plafon_vizsgálat? | N4: szüneteltetés_kizárhatja? | O4: tartozás_kizárhatja? | P4: közölt_napok | Q4: járulékalap | R4: nem_rendszeres | S4: összes_bér | T4: minimumbér_időszakra | U4: minimumot_eléri? | V4: szünetel_ez_időszakban? | W4: tartozás_kizárja? | X4: átfedési_csoport | Y4: azonos_prioritás_sorrend | Z4: csoport_max_prioritás | AA4: nap_nyertes? | AB4: végső_kód | AC4: elfogadott_szolg_nap | AD4: kieső_nap | AE4: éves_plafon | AF4: előző_elfogadott_bér_évben | AG4: maradék_plafon | AH4: előzetesen_elfogadható_bér | AI4: elfogadott_bér | AJ4: megjegyzés
D5: =IF(AND(B5<>"",C5<>""),C5-B5+1,"") | E5: =IF(B5<>"",YEAR(B5),"") | I5: =IF(H5="","",IFERROR(INDEX(Szabályok!$B$13:$B$200,MATCH(H5,Szabályok!$A$13:$A$200,0)),"")) | J5: =IF(H5="","",IFERROR(INDEX(Szabályok!$C$13:$C$200,MATCH(H5,Szabályok!$A$13:$A$200,0)),"")) | K5: =IF(H5="","",IFERROR(INDEX(Szabályok!$D$13:$D$200,MATCH(H5,Szabályok!$A$13:$A$200,0)),"")) | L5: =IF(H5="","",IFERROR(INDEX(Szabályok!$E$13:$E$200,MATCH(H5,Szabályok!$A$13:$A$200,0)),"")) | M5: =IF(H5="","",IFERROR(INDEX(Szabályok!$F$13:$F$200,MATCH(H5,Szabályok!$A$13:$A$200,0)),"")) | N5: =IF(H5="","",IFERROR(INDEX(Szabályok!$G$13:$G$200,MATCH(H5,Szabályok!$A$13:$A$200,0)),"")) | O5: =IF(H5="","",IFERROR(INDEX(Szabályok!$H$13:$H$200,MATCH(H5,Szabályok!$A$13:$A$200,0)),"")) | S5: =IF(COUNT(Q5:R5)=0,"",SUM(Q5:R5)) | U5: =IF(T5="","",IF(L5<>"IGEN","IGEN",IF(S5>=T5,"IGEN","NEM"))) | Z5: =IF(X5="","",IF(COUNTIFS($X$5:$X$304,X5,$I$5:$I$304,"<"&I5)=0,I5,"")) | AA5: =IF(X5="","",IF(COUNTIFS($X$5:$X$304,X5,$I$5:$I$304,"<"&I5)>0,"NEM",IF(COUNTIFS($X$5:$X$304,X5,$I$5:$I$304,I5)=1,"IGEN",IF(Y5=1,"IGEN","NEM")))) | AB5: =IF(OR(I5="",J5=""),"",IF(OR(I5=0,V5="IGEN",W5="IGEN"),"X",IF(AND(K5<>"IGEN",L5="IGEN",U5="NEM"),"X",IF(AA5="IGEN",J5,"X")))) | AC5: =IF(AB5="X",0,IF(D5="","",D5)) | AD5: =IF(AB5="X",IF(D5="","",D5),0) | AF5: =IF(E5="","",SUMIFS($AI$5:AI5,$E$5:E5,E5)-AI5) | AG5: =IF(AE5="","",MAX(0,AE5-AF5)) | AH5: =IF(S5="","",IF(OR(I5=0,V5="IGEN",W5="IGEN"),0,IF(AND(K5<>"IGEN",L5="IGEN",U5="NEM"),0,S5))) | AI5: =IF(AH5="","",IF(M5="IGEN",MIN(AH5,AG5),AH5))
D6: =IF(AND(B6<>"",C6<>""),C6-B6+1,"") | E6: =IF(B6<>"",YEAR(B6),"") | I6: =IF(H6="","",IFERROR(INDEX(Szabályok!$B$13:$B$200,MATCH(H6,Szabályok!$A$13:$A$200,0)),"")) | J6: =IF(H6="","",IFERROR(INDEX(Szabályok!$C$13:$C$200,MATCH(H6,Szabályok!$A$13:$A$200,0)),"")) | K6: =IF(H6="","",IFERROR(INDEX(Szabályok!$D$13:$D$200,MATCH(H6,Szabályok!$A$13:$A$200,0)),"")) | L6: =IF(H6="","",IFERROR(INDEX(Szabályok!$E$13:$E$200,MATCH(H6,Szabályok!$A$13:$A$200,0)),"")) | M6: =IF(H6="","",IFERROR(INDEX(Szabályok!$F$13:$F$200,MATCH(H6,Szabályok!$A$13:$A$200,0)),"")) | N6: =IF(H6="","",IFERROR(INDEX(Szabályok!$G$13:$G$200,MATCH(H6,Szabályok!$A$13:$A$200,0)),"")) | O6: =IF(H6="","",IFERROR(INDEX(Szabályok!$H$13:$H$200,MATCH(H6,Szabályok!$A$13:$A$200,0)),"")) | S6: =IF(COUNT(Q6:R6)=0,"",SUM(Q6:R6)) | U6: =IF(T6="","",IF(L6<>"IGEN","IGEN",IF(S6>=T6,"IGEN","NEM"))) | Z6: =IF(X6="","",IF(COUNTIFS($X$5:$X$304,X6,$I$5:$I$304,"<"&I6)=0,I6,"")) | AA6: =IF(X6="","",IF(COUNTIFS($X$5:$X$304,X6,$I$5:$I$304,"<"&I6)>0,"NEM",IF(COUNTIFS($X$5:$X$304,X6,$I$5:$I$304,I6)=1,"IGEN",IF(Y6=1,"IGEN","NEM")))) | AB6: =IF(OR(I6="",J6=""),"",IF(OR(I6=0,V6="IGEN",W6="IGEN"),"X",IF(AND(K6<>"IGEN",L6="IGEN",U6="NEM"),"X",IF(AA6="IGEN",J6,"X")))) | AC6: =IF(AB6="X",0,IF(D6="","",D6)) | AD6: =IF(AB6="X",IF(D6="","",D6),0) | AF6: =IF(E6="","",SUMIFS($AI$5:AI6,$E$5:E6,E6)-AI6) | AG6: =IF(AE6="","",MAX(0,AE6-AF6)) | AH6: =IF(S6="","",IF(OR(I6=0,V6="IGEN",W6="IGEN"),0,IF(AND(K6<>"IGEN",L6="IGEN",U6="NEM"),0,S6))) | AI6: =IF(AH6="","",IF(M6="IGEN",MIN(AH6,AG6),AH6))
D7: =IF(AND(B7<>"",C7<>""),C7-B7+1,"") | E7: =IF(B7<>"",YEAR(B7),"") | I7: =IF(H7="","",IFERROR(INDEX(Szabályok!$B$13:$B$200,MATCH(H7,Szabályok!$A$13:$A$200,0)),"")) | J7: =IF(H7="","",IFERROR(INDEX(Szabályok!$C$13:$C$200,MATCH(H7,Szabályok!$A$13:$A$200,0)),"")) | K7: =IF(H7="","",IFERROR(INDEX(Szabályok!$D$13:$D$200,MATCH(H7,Szabályok!$A$13:$A$200,0)),"")) | L7: =IF(H7="","",IFERROR(INDEX(Szabályok!$E$13:$E$200,MATCH(H7,Szabályok!$A$13:$A$200,0)),"")) | M7: =IF(H7="","",IFERROR(INDEX(Szabályok!$F$13:$F$200,MATCH(H7,Szabályok!$A$13:$A$200,0)),"")) | N7: =IF(H7="","",IFERROR(INDEX(Szabályok!$G$13:$G$200,MATCH(H7,Szabályok!$A$13:$A$200,0)),"")) | O7: =IF(H7="","",IFERROR(INDEX(Szabályok!$H$13:$H$200,MATCH(H7,Szabályok!$A$13:$A$200,0)),"")) | S7: =IF(COUNT(Q7:R7)=0,"",SUM(Q7:R7)) | U7: =IF(T7="","",IF(L7<>"IGEN","IGEN",IF(S7>=T7,"IGEN","NEM"))) | Z7: =IF(X7="","",IF(COUNTIFS($X$5:$X$304,X7,$I$5:$I$304,"<"&I7)=0,I7,"")) | AA7: =IF(X7="","",IF(COUNTIFS($X$5:$X$304,X7,$I$5:$I$304,"<"&I7)>0,"NEM",IF(COUNTIFS($X$5:$X$304,X7,$I$5:$I$304,I7)=1,"IGEN",IF(Y7=1,"IGEN","NEM")))) | AB7: =IF(OR(I7="",J7=""),"",IF(OR(I7=0,V7="IGEN",W7="IGEN"),"X",IF(AND(K7<>"IGEN",L7="IGEN",U7="NEM"),"X",IF(AA7="IGEN",J7,"X")))) | AC7: =IF(AB7="X",0,IF(D7="","",D7)) | AD7: =IF(AB7="X",IF(D7="","",D7),0) | AF7: =IF(E7="","",SUMIFS($AI$5:AI7,$E$5:E7,E7)-AI7) | AG7: =IF(AE7="","",MAX(0,AE7-AF7)) | AH7: =IF(S7="","",IF(OR(I7=0,V7="IGEN",W7="IGEN"),0,IF(AND(K7<>"IGEN",L7="IGEN",U7="NEM"),0,S7))) | AI7: =IF(AH7="","",IF(M7="IGEN",MIN(AH7,AG7),AH7))
D8: =IF(AND(B8<>"",C8<>""),C8-B8+1,"") | E8: =IF(B8<>"",YEAR(B8),"") | I8: =IF(H8="","",IFERROR(INDEX(Szabályok!$B$13:$B$200,MATCH(H8,Szabályok!$A$13:$A$200,0)),"")) | J8: =IF(H8="","",IFERROR(INDEX(Szabályok!$C$13:$C$200,MATCH(H8,Szabályok!$A$13:$A$200,0)),"")) | K8: =IF(H8="","",IFERROR(INDEX(Szabályok!$D$13:$D$200,MATCH(H8,Szabályok!$A$13:$A$200,0)),"")) | L8: =IF(H8="","",IFERROR(INDEX(Szabályok!$E$13:$E$200,MATCH(H8,Szabályok!$A$13:$A$200,0)),"")) | M8: =IF(H8="","",IFERROR(INDEX(Szabályok!$F$13:$F$200,MATCH(H8,Szabályok!$A$13:$A$200,0)),"")) | N8: =IF(H8="","",IFERROR(INDEX(Szabályok!$G$13:$G$200,MATCH(H8,Szabályok!$A$13:$A$200,0)),"")) | O8: =IF(H8="","",IFERROR(INDEX(Szabályok!$H$13:$H$200,MATCH(H8,Szabályok!$A$13:$A$200,0)),"")) | S8: =IF(COUNT(Q8:R8)=0,"",SUM(Q8:R8)) | U8: =IF(T8="","",IF(L8<>"IGEN","IGEN",IF(S8>=T8,"IGEN","NEM"))) | Z8: =IF(X8="","",IF(COUNTIFS($X$5:$X$304,X8,$I$5:$I$304,"<"&I8)=0,I8,"")) | AA8: =IF(X8="","",IF(COUNTIFS($X$5:$X$304,X8,$I$5:$I$304,"<"&I8)>0,"NEM",IF(COUNTIFS($X$5:$X$304,X8,$I$5:$I$304,I8)=1,"IGEN",IF(Y8=1,"IGEN","NEM")))) | AB8: =IF(OR(I8="",J8=""),"",IF(OR(I8=0,V8="IGEN",W8="IGEN"),"X",IF(AND(K8<>"IGEN",L8="IGEN",U8="NEM"),"X",IF(AA8="IGEN",J8,"X")))) | AC8: =IF(AB8="X",0,IF(D8="","",D8)) | AD8: =IF(AB8="X",IF(D8="","",D8),0) | AF8: =IF(E8="","",SUMIFS($AI$5:AI8,$E$5:E8,E8)-AI8) | AG8: =IF(AE8="","",MAX(0,AE8-AF8)) | AH8: =IF(S8="","",IF(OR(I8=0,V8="IGEN",W8="IGEN"),0,IF(AND(K8<>"IGEN",L8="IGEN",U8="NEM"),0,S8))) | AI8: =IF(AH8="","",IF(M8="IGEN",MIN(AH8,AG8),AH8))
D9: =IF(AND(B9<>"",C9<>""),C9-B9+1,"") | E9: =IF(B9<>"",YEAR(B9),"") | I9: =IF(H9="","",IFERROR(INDEX(Szabályok!$B$13:$B$200,MATCH(H9,Szabályok!$A$13:$A$200,0)),"")) | J9: =IF(H9="","",IFERROR(INDEX(Szabályok!$C$13:$C$200,MATCH(H9,Szabályok!$A$13:$A$200,0)),"")) | K9: =IF(H9="","",IFERROR(INDEX(Szabályok!$D$13:$D$200,MATCH(H9,Szabályok!$A$13:$A$200,0)),"")) | L9: =IF(H9="","",IFERROR(INDEX(Szabályok!$E$13:$E$200,MATCH(H9,Szabályok!$A$13:$A$200,0)),"")) | M9: =IF(H9="","",IFERROR(INDEX(Szabályok!$F$13:$F$200,MATCH(H9,Szabályok!$A$13:$A$200,0)),"")) | N9: =IF(H9="","",IFERROR(INDEX(Szabályok!$G$13:$G$200,MATCH(H9,Szabályok!$A$13:$A$200,0)),"")) | O9: =IF(H9="","",IFERROR(INDEX(Szabályok!$H$13:$H$200,MATCH(H9,Szabályok!$A$13:$A$200,0)),"")) | S9: =IF(COUNT(Q9:R9)=0,"",SUM(Q9:R9)) | U9: =IF(T9="","",IF(L9<>"IGEN","IGEN",IF(S9>=T9,"IGEN","NEM"))) | Z9: =IF(X9="","",IF(COUNTIFS($X$5:$X$304,X9,$I$5:$I$304,"<"&I9)=0,I9,"")) | AA9: =IF(X9="","",IF(COUNTIFS($X$5:$X$304,X9,$I$5:$I$304,"<"&I9)>0,"NEM",IF(COUNTIFS($X$5:$X$304,X9,$I$5:$I$304,I9)=1,"IGEN",IF(Y9=1,"IGEN","NEM")))) | AB9: =IF(OR(I9="",J9=""),"",IF(OR(I9=0,V9="IGEN",W9="IGEN"),"X",IF(AND(K9<>"IGEN",L9="IGEN",U9="NEM"),"X",IF(AA9="IGEN",J9,"X")))) | AC9: =IF(AB9="X",0,IF(D9="","",D9)) | AD9: =IF(AB9="X",IF(D9="","",D9),0) | AF9: =IF(E9="","",SUMIFS($AI$5:AI9,$E$5:E9,E9)-AI9) | AG9: =IF(AE9="","",MAX(0,AE9-AF9)) | AH9: =IF(S9="","",IF(OR(I9=0,V9="IGEN",W9="IGEN"),0,IF(AND(K9<>"IGEN",L9="IGEN",U9="NEM"),0,S9))) | AI9: =IF(AH9="","",IF(M9="IGEN",MIN(AH9,AG9),AH9))
D10: =IF(AND(B10<>"",C10<>""),C10-B10+1,"") | E10: =IF(B10<>"",YEAR(B10),"") | I10: =IF(H10="","",IFERROR(INDEX(Szabályok!$B$13:$B$200,MATCH(H10,Szabályok!$A$13:$A$200,0)),"")) | J10: =IF(H10="","",IFERROR(INDEX(Szabályok!$C$13:$C$200,MATCH(H10,Szabályok!$A$13:$A$200,0)),"")) | K10: =IF(H10="","",IFERROR(INDEX(Szabályok!$D$13:$D$200,MATCH(H10,Szabályok!$A$13:$A$200,0)),"")) | L10: =IF(H10="","",IFERROR(INDEX(Szabályok!$E$13:$E$200,MATCH(H10,Szabályok!$A$13:$A$200,0)),"")) | M10: =IF(H10="","",IFERROR(INDEX(Szabályok!$F$13:$F$200,MATCH(H10,Szabályok!$A$13:$A$200,0)),"")) | N10: =IF(H10="","",IFERROR(INDEX(Szabályok!$G$13:$G$200,MATCH(H10,Szabályok!$A$13:$A$200,0)),"")) | O10: =IF(H10="","",IFERROR(INDEX(Szabályok!$H$13:$H$200,MATCH(H10,Szabályok!$A$13:$A$200,0)),"")) | S10: =IF(COUNT(Q10:R10)=0,"",SUM(Q10:R10)) | U10: =IF(T10="","",IF(L10<>"IGEN","IGEN",IF(S10>=T10,"IGEN","NEM"))) | Z10: =IF(X10="","",IF(COUNTIFS($X$5:$X$304,X10,$I$5:$I$304,"<"&I10)=0,I10,"")) | AA10: =IF(X10="","",IF(COUNTIFS($X$5:$X$304,X10,$I$5:$I$304,"<"&I10)>0,"NEM",IF(COUNTIFS($X$5:$X$304,X10,$I$5:$I$304,I10)=1,"IGEN",IF(Y10=1,"IGEN","NEM")))) | AB10: =IF(OR(I10="",J10=""),"",IF(OR(I10=0,V10="IGEN",W10="IGEN"),"X",IF(AND(K10<>"IGEN",L10="IGEN",U10="NEM"),"X",IF(AA10="IGEN",J10,"X")))) | AC10: =IF(AB10="X",0,IF(D10="","",D10)) | AD10: =IF(AB10="X",IF(D10="","",D10),0) | AF10: =IF(E10="","",SUMIFS($AI$5:AI10,$E$5:E10,E10)-AI10) | AG10: =IF(AE10="","",MAX(0,AE10-AF10)) | AH10: =IF(S10="","",IF(OR(I10=0,V10="IGEN",W10="IGEN"),0,IF(AND(K10<>"IGEN",L10="IGEN",U10="NEM"),0,S10))) | AI10: =IF(AH10="","",IF(M10="IGEN",MIN(AH10,AG10),AH10))
D11: =IF(AND(B11<>"",C11<>""),C11-B11+1,"") | E11: =IF(B11<>"",YEAR(B11),"") | I11: =IF(H11="","",IFERROR(INDEX(Szabályok!$B$13:$B$200,MATCH(H11,Szabályok!$A$13:$A$200,0)),"")) | J11: =IF(H11="","",IFERROR(INDEX(Szabályok!$C$13:$C$200,MATCH(H11,Szabályok!$A$13:$A$200,0)),"")) | K11: =IF(H11="","",IFERROR(INDEX(Szabályok!$D$13:$D$200,MATCH(H11,Szabályok!$A$13:$A$200,0)),"")) | L11: =IF(H11="","",IFERROR(INDEX(Szabályok!$E$13:$E$200,MATCH(H11,Szabályok!$A$13:$A$200,0)),"")) | M11: =IF(H11="","",IFERROR(INDEX(Szabályok!$F$13:$F$200,MATCH(H11,Szabályok!$A$13:$A$200,0)),"")) | N11: =IF(H11="","",IFERROR(INDEX(Szabályok!$G$13:$G$200,MATCH(H11,Szabályok!$A$13:$A$200,0)),"")) | O11: =IF(H11="","",IFERROR(INDEX(Szabályok!$H$13:$H$200,MATCH(H11,Szabályok!$A$13:$A$200,0)),"")) | S11: =IF(COUNT(Q11:R11)=0,"",SUM(Q11:R11)) | U11: =IF(T11="","",IF(L11<>"IGEN","IGEN",IF(S11>=T11,"IGEN","NEM"))) | Z11: =IF(X11="","",IF(COUNTIFS($X$5:$X$304,X11,$I$5:$I$304,"<"&I11)=0,I11,"")) | AA11: =IF(X11="","",IF(COUNTIFS($X$5:$X$304,X11,$I$5:$I$304,"<"&I11)>0,"NEM",IF(COUNTIFS($X$5:$X$304,X11,$I$5:$I$304,I11)=1,"IGEN",IF(Y11=1,"IGEN","NEM")))) | AB11: =IF(OR(I11="",J11=""),"",IF(OR(I11=0,V11="IGEN",W11="IGEN"),"X",IF(AND(K11<>"IGEN",L11="IGEN",U11="NEM"),"X",IF(AA11="IGEN",J11,"X")))) | AC11: =IF(AB11="X",0,IF(D11="","",D11)) | AD11: =IF(AB11="X",IF(D11="","",D11),0) | AF11: =IF(E11="","",SUMIFS($AI$5:AI11,$E$5:E11,E11)-AI11) | AG11: =IF(AE11="","",MAX(0,AE11-AF11)) | AH11: =IF(S11="","",IF(OR(I11=0,V11="IGEN",W11="IGEN"),0,IF(AND(K11<>"IGEN",L11="IGEN",U11="NEM"),0,S11))) | AI11: =IF(AH11="","",IF(M11="IGEN",MIN(AH11,AG11),AH11))
D12: =IF(AND(B12<>"",C12<>""),C12-B12+1,"") | E12: =IF(B12<>"",YEAR(B12),"") | I12: =IF(H12="","",IFERROR(INDEX(Szabályok!$B$13:$B$200,MATCH(H12,Szabályok!$A$13:$A$200,0)),"")) | J12: =IF(H12="","",IFERROR(INDEX(Szabályok!$C$13:$C$200,MATCH(H12,Szabályok!$A$13:$A$200,0)),"")) | K12: =IF(H12="","",IFERROR(INDEX(Szabályok!$D$13:$D$200,MATCH(H12,Szabályok!$A$13:$A$200,0)),"")) | L12: =IF(H12="","",IFERROR(INDEX(Szabályok!$E$13:$E$200,MATCH(H12,Szabályok!$A$13:$A$200,0)),"")) | M12: =IF(H12="","",IFERROR(INDEX(Szabályok!$F$13:$F$200,MATCH(H12,Szabályok!$A$13:$A$200,0)),"")) | N12: =IF(H12="","",IFERROR(INDEX(Szabályok!$G$13:$G$200,MATCH(H12,Szabályok!$A$13:$A$200,0)),"")) | O12: =IF(H12="","",IFERROR(INDEX(Szabályok!$H$13:$H$200,MATCH(H12,Szabályok!$A$13:$A$200,0)),"")) | S12: =IF(COUNT(Q12:R12)=0,"",SUM(Q12:R12)) | U12: =IF(T12="","",IF(L12<>"IGEN","IGEN",IF(S12>=T12,"IGEN","NEM"))) | Z12: =IF(X12="","",IF(COUNTIFS($X$5:$X$304,X12,$I$5:$I$304,"<"&I12)=0,I12,"")) | AA12: =IF(X12="","",IF(COUNTIFS($X$5:$X$304,X12,$I$5:$I$304,"<"&I12)>0,"NEM",IF(COUNTIFS($X$5:$X$304,X12,$I$5:$I$304,I12)=1,"IGEN",IF(Y12=1,"IGEN","NEM")))) | AB12: =IF(OR(I12="",J12=""),"",IF(OR(I12=0,V12="IGEN",W12="IGEN"),"X",IF(AND(K12<>"IGEN",L12="IGEN",U12="NEM"),"X",IF(AA12="IGEN",J12,"X")))) | AC12: =IF(AB12="X",0,IF(D12="","",D12)) | AD12: =IF(AB12="X",IF(D12="","",D12),0) | AF12: =IF(E12="","",SUMIFS($AI$5:AI12,$E$5:E12,E12)-AI12) | AG12: =IF(AE12="","",MAX(0,AE12-AF12)) | AH12: =IF(S12="","",IF(OR(I12=0,V12="IGEN",W12="IGEN"),0,IF(AND(K12<>"IGEN",L12="IGEN",U12="NEM"),0,S12))) | AI12: =IF(AH12="","",IF(M12="IGEN",MIN(AH12,AG12),AH12))
D13: =IF(AND(B13<>"",C13<>""),C13-B13+1,"") | E13: =IF(B13<>"",YEAR(B13),"") | I13: =IF(H13="","",IFERROR(INDEX(Szabályok!$B$13:$B$200,MATCH(H13,Szabályok!$A$13:$A$200,0)),"")) | J13: =IF(H13="","",IFERROR(INDEX(Szabályok!$C$13:$C$200,MATCH(H13,Szabályok!$A$13:$A$200,0)),"")) | K13: =IF(H13="","",IFERROR(INDEX(Szabályok!$D$13:$D$200,MATCH(H13,Szabályok!$A$13:$A$200,0)),"")) | L13: =IF(H13="","",IFERROR(INDEX(Szabályok!$E$13:$E$200,MATCH(H13,Szabályok!$A$13:$A$200,0)),"")) | M13: =IF(H13="","",IFERROR(INDEX(Szabályok!$F$13:$F$200,MATCH(H13,Szabályok!$A$13:$A$200,0)),"")) | N13: =IF(H13="","",IFERROR(INDEX(Szabályok!$G$13:$G$200,MATCH(H13,Szabályok!$A$13:$A$200,0)),"")) | O13: =IF(H13="","",IFERROR(INDEX(Szabályok!$H$13:$H$200,MATCH(H13,Szabályok!$A$13:$A$200,0)),"")) | S13: =IF(COUNT(Q13:R13)=0,"",SUM(Q13:R13)) | U13: =IF(T13="","",IF(L13<>"IGEN","IGEN",IF(S13>=T13,"IGEN","NEM"))) | Z13: =IF(X13="","",IF(COUNTIFS($X$5:$X$304,X13,$I$5:$I$304,"<"&I13)=0,I13,"")) | AA13: =IF(X13="","",IF(COUNTIFS($X$5:$X$304,X13,$I$5:$I$304,"<"&I13)>0,"NEM",IF(COUNTIFS($X$5:$X$304,X13,$I$5:$I$304,I13)=1,"IGEN",IF(Y13=1,"IGEN","NEM")))) | AB13: =IF(OR(I13="",J13=""),"",IF(OR(I13=0,V13="IGEN",W13="IGEN"),"X",IF(AND(K13<>"IGEN",L13="IGEN",U13="NEM"),"X",IF(AA13="IGEN",J13,"X")))) | AC13: =IF(AB13="X",0,IF(D13="","",D13)) | AD13: =IF(AB13="X",IF(D13="","",D13),0) | AF13: =IF(E13="","",SUMIFS($AI$5:AI13,$E$5:E13,E13)-AI13) | AG13: =IF(AE13="","",MAX(0,AE13-AF13)) | AH13: =IF(S13="","",IF(OR(I13=0,V13="IGEN",W13="IGEN"),0,IF(AND(K13<>"IGEN",L13="IGEN",U13="NEM"),0,S13))) | AI13: =IF(AH13="","",IF(M13="IGEN",MIN(AH13,AG13),AH13))
D14: =IF(AND(B14<>"",C14<>""),C14-B14+1,"") | E14: =IF(B14<>"",YEAR(B14),"") | I14: =IF(H14="","",IFERROR(INDEX(Szabályok!$B$13:$B$200,MATCH(H14,Szabályok!$A$13:$A$200,0)),"")) | J14: =IF(H14="","",IFERROR(INDEX(Szabályok!$C$13:$C$200,MATCH(H14,Szabályok!$A$13:$A$200,0)),"")) | K14: =IF(H14="","",IFERROR(INDEX(Szabályok!$D$13:$D$200,MATCH(H14,Szabályok!$A$13:$A$200,0)),"")) | L14: =IF(H14="","",IFERROR(INDEX(Szabályok!$E$13:$E$200,MATCH(H14,Szabályok!$A$13:$A$200,0)),"")) | M14: =IF(H14="","",IFERROR(INDEX(Szabályok!$F$13:$F$200,MATCH(H14,Szabályok!$A$13:$A$200,0)),"")) | N14: =IF(H14="","",IFERROR(INDEX(Szabályok!$G$13:$G$200,MATCH(H14,Szabályok!$A$13:$A$200,0)),"")) | O14: =IF(H14="","",IFERROR(INDEX(Szabályok!$H$13:$H$200,MATCH(H14,Szabályok!$A$13:$A$200,0)),"")) | S14: =IF(COUNT(Q14:R14)=0,"",SUM(Q14:R14)) | U14: =IF(T14="","",IF(L14<>"IGEN","IGEN",IF(S14>=T14,"IGEN","NEM"))) | Z14: =IF(X14="","",IF(COUNTIFS($X$5:$X$304,X14,$I$5:$I$304,"<"&I14)=0,I14,"")) | AA14: =IF(X14="","",IF(COUNTIFS($X$5:$X$304,X14,$I$5:$I$304,"<"&I14)>0,"NEM",IF(COUNTIFS($X$5:$X$304,X14,$I$5:$I$304,I14)=1,"IGEN",IF(Y14=1,"IGEN","NEM")))) | AB14: =IF(OR(I14="",J14=""),"",IF(OR(I14=0,V14="IGEN",W14="IGEN"),"X",IF(AND(K14<>"IGEN",L14="IGEN",U14="NEM"),"X",IF(AA14="IGEN",J14,"X")))) | AC14: =IF(AB14="X",0,IF(D14="","",D14)) | AD14: =IF(AB14="X",IF(D14="","",D14),0) | AF14: =IF(E14="","",SUMIFS($AI$5:AI14,$E$5:E14,E14)-AI14) | AG14: =IF(AE14="","",MAX(0,AE14-AF14)) | AH14: =IF(S14="","",IF(OR(I14=0,V14="IGEN",W14="IGEN"),0,IF(AND(K14<>"IGEN",L14="IGEN",U14="NEM"),0,S14))) | AI14: =IF(AH14="","",IF(M14="IGEN",MIN(AH14,AG14),AH14))
D15: =IF(AND(B15<>"",C15<>""),C15-B15+1,"") | E15: =IF(B15<>"",YEAR(B15),"") | I15: =IF(H15="","",IFERROR(INDEX(Szabályok!$B$13:$B$200,MATCH(H15,Szabályok!$A$13:$A$200,0)),"")) | J15: =IF(H15="","",IFERROR(INDEX(Szabályok!$C$13:$C$200,MATCH(H15,Szabályok!$A$13:$A$200,0)),"")) | K15: =IF(H15="","",IFERROR(INDEX(Szabályok!$D$13:$D$200,MATCH(H15,Szabályok!$A$13:$A$200,0)),"")) | L15: =IF(H15="","",IFERROR(INDEX(Szabályok!$E$13:$E$200,MATCH(H15,Szabályok!$A$13:$A$200,0)),"")) | M15: =IF(H15="","",IFERROR(INDEX(Szabályok!$F$13:$F$200,MATCH(H15,Szabályok!$A$13:$A$200,0)),"")) | N15: =IF(H15="","",IFERROR(INDEX(Szabályok!$G$13:$G$200,MATCH(H15,Szabályok!$A$13:$A$200,0)),"")) | O15: =IF(H15="","",IFERROR(INDEX(Szabályok!$H$13:$H$200,MATCH(H15,Szabályok!$A$13:$A$200,0)),"")) | S15: =IF(COUNT(Q15:R15)=0,"",SUM(Q15:R15)) | U15: =IF(T15="","",IF(L15<>"IGEN","IGEN",IF(S15>=T15,"IGEN","NEM"))) | Z15: =IF(X15="","",IF(COUNTIFS($X$5:$X$304,X15,$I$5:$I$304,"<"&I15)=0,I15,"")) | AA15: =IF(X15="","",IF(COUNTIFS($X$5:$X$304,X15,$I$5:$I$304,"<"&I15)>0,"NEM",IF(COUNTIFS($X$5:$X$304,X15,$I$5:$I$304,I15)=1,"IGEN",IF(Y15=1,"IGEN","NEM")))) | AB15: =IF(OR(I15="",J15=""),"",IF(OR(I15=0,V15="IGEN",W15="IGEN"),"X",IF(AND(K15<>"IGEN",L15="IGEN",U15="NEM"),"X",IF(AA15="IGEN",J15,"X")))) | AC15: =IF(AB15="X",0,IF(D15="","",D15)) | AD15: =IF(AB15="X",IF(D15="","",D15),0) | AF15: =IF(E15="","",SUMIFS($AI$5:AI15,$E$5:E15,E15)-AI15) | AG15: =IF(AE15="","",MAX(0,AE15-AF15)) | AH15: =IF(S15="","",IF(OR(I15=0,V15="IGEN",W15="IGEN"),0,IF(AND(K15<>"IGEN",L15="IGEN",U15="NEM"),0,S15))) | AI15: =IF(AH15="","",IF(M15="IGEN",MIN(AH15,AG15),AH15))
D16: =IF(AND(B16<>"",C16<>""),C16-B16+1,"") | E16: =IF(B16<>"",YEAR(B16),"") | I16: =IF(H16="","",IFERROR(INDEX(Szabályok!$B$13:$B$200,MATCH(H16,Szabályok!$A$13:$A$200,0)),"")) | J16: =IF(H16="","",IFERROR(INDEX(Szabályok!$C$13:$C$200,MATCH(H16,Szabályok!$A$13:$A$200,0)),"")) | K16: =IF(H16="","",IFERROR(INDEX(Szabályok!$D$13:$D$200,MATCH(H16,Szabályok!$A$13:$A$200,0)),"")) | L16: =IF(H16="","",IFERROR(INDEX(Szabályok!$E$13:$E$200,MATCH(H16,Szabályok!$A$13:$A$200,0)),"")) | M16: =IF(H16="","",IFERROR(INDEX(Szabályok!$F$13:$F$200,MATCH(H16,Szabályok!$A$13:$A$200,0)),"")) | N16: =IF(H16="","",IFERROR(INDEX(Szabályok!$G$13:$G$200,MATCH(H16,Szabályok!$A$13:$A$200,0)),"")) | O16: =IF(H16="","",IFERROR(INDEX(Szabályok!$H$13:$H$200,MATCH(H16,Szabályok!$A$13:$A$200,0)),"")) | S16: =IF(COUNT(Q16:R16)=0,"",SUM(Q16:R16)) | U16: =IF(T16="","",IF(L16<>"IGEN","IGEN",IF(S16>=T16,"IGEN","NEM"))) | Z16: =IF(X16="","",IF(COUNTIFS($X$5:$X$304,X16,$I$5:$I$304,"<"&I16)=0,I16,"")) | AA16: =IF(X16="","",IF(COUNTIFS($X$5:$X$304,X16,$I$5:$I$304,"<"&I16)>0,"NEM",IF(COUNTIFS($X$5:$X$304,X16,$I$5:$I$304,I16)=1,"IGEN",IF(Y16=1,"IGEN","NEM")))) | AB16: =IF(OR(I16="",J16=""),"",IF(OR(I16=0,V16="IGEN",W16="IGEN"),"X",IF(AND(K16<>"IGEN",L16="IGEN",U16="NEM"),"X",IF(AA16="IGEN",J16,"X")))) | AC16: =IF(AB16="X",0,IF(D16="","",D16)) | AD16: =IF(AB16="X",IF(D16="","",D16),0) | AF16: =IF(E16="","",SUMIFS($AI$5:AI16,$E$5:E16,E16)-AI16) | AG16: =IF(AE16="","",MAX(0,AE16-AF16)) | AH16: =IF(S16="","",IF(OR(I16=0,V16="IGEN",W16="IGEN"),0,IF(AND(K16<>"IGEN",L16="IGEN",U16="NEM"),0,S16))) | AI16: =IF(AH16="","",IF(M16="IGEN",MIN(AH16,AG16),AH16))
... D304: =IF(AND(B304<>"",C304<>""),C304-B304+1,"") | E304: =IF(B304<>"",YEAR(B304),"") | I304: =IF(H304="","",IFERROR(INDEX(Szabályok!$B$13:$B$200,MATCH(H304,Szabályok!$A$13:$A$200,0)),"")) | J304: =IF(H304="","",IFERROR(INDEX(Szabályok!$C$13:$C$200,MATCH(H304,Szabályok!$A$13:$A$200,0)),"")) | K304: =IF(H304="","",IFERROR(INDEX(Szabályok!$D$13:$D$200,MATCH(H304,Szabályok!$A$13:$A$200,0)),"")) | L304: =IF(H304="","",IFERROR(INDEX(Szabályok!$E$13:$E$200,MATCH(H304,Szabályok!$A$13:$A$200,0)),"")) | M304: =IF(H304="","",IFERROR(INDEX(Szabályok!$F$13:$F$200,MATCH(H304,Szabályok!$A$13:$A$200,0)),"")) | N304: =IF(H304="","",IFERROR(INDEX(Szabályok!$G$13:$G$200,MATCH(H304,Szabályok!$A$13:$A$200,0)),"")) | O304: =IF(H304="","",IFERROR(INDEX(Szabályok!$H$13:$H$200,MATCH(H304,Szabályok!$A$13:$A$200,0)),"")) | S304: =IF(COUNT(Q304:R304)=0,"",SUM(Q304:R304)) | U304: =IF(T304="","",IF(L304<>"IGEN","IGEN",IF(S304>=T304,"IGEN","NEM"))) | Z304: =IF(X304="","",IF(COUNTIFS($X$5:$X$304,X304,$I$5:$I$304,"<"&I304)=0,I304,"")) | AA304: =IF(X304="","",IF(COUNTIFS($X$5:$X$304,X304,$I$5:$I$304,"<"&I304)>0,"NEM",IF(COUNTIFS($X$5:$X$304,X304,$I$5:$I$304,I304)=1,"IGEN",IF(Y304=1,"IGEN","NEM")))) | AB304: =IF(OR(I304="",J304=""),"",IF(OR(I304=0,V304="IGEN",W304="IGEN"),"X",IF(AND(K304<>"IGEN",L304="IGEN",U304="NEM"),"X",IF(AA304="IGEN",J304,"X")))) | AC304: =IF(AB304="X",0,IF(D304="","",D304)) | AD304: =IF(AB304="X",IF(D304="","",D304),0) | AF304: =IF(E304="","",SUMIFS($AI$5:AI304,$E$5:E304,E304)-AI304) | AG304: =IF(AE304="","",MAX(0,AE304-AF304)) | AH304: =IF(S304="","",IF(OR(I304=0,V304="IGEN",W304="IGEN"),0,IF(AND(K304<>"IGEN",L304="IGEN",U304="NEM"),0,S304))) | AI304: =IF(AH304="","",IF(M304="IGEN",MIN(AH304,AG304),AH304))
